菜名,主要食材,輔助食材,熱量 kcal,蛋白質 g,碳水 g,圖片網址
九層塔烘蛋,九層塔,雞蛋、蒜頭、鹽、胡椒、醬油、米酒、沙拉油,180,11,4,https://raw.githubusercontent.com/lihua00120/chat-_bot/main/images/%E4%B9%9D%E5%B1%A4%E5%A1%94%E7%83%98%E8%9B%8B.jpg
九層塔青醬雞肉義大利麵,九層塔、雞胸肉、松子、義大利麵,蒜頭、帕瑪森起司、橄欖油、黑胡椒、鹽,520,14,60,https://raw.githubusercontent.com/lihua00120/chat-_bot/main/images/%E4%B9%9D%E5%B1%A4%E5%A1%94%E9%9D%92%E9%86%AC%E9%9B%9E%E8%82%89%E7%BE%A9%E5%A4%A7%E5%88%A9%E9%BA%B5.jpg
九層塔豆腐,九層塔、嫩豆腐、蒜、辣椒,醬油、米酒、糖、薑、香油、蔥花,160,13,6,https://raw.githubusercontent.com/lihua00120/chat-_bot/main/images/%E4%B9%9D%E5%B1%A4%E5%A1%94%E8%B1%86%E8%85%90.jpg
南瓜濃湯,南瓜、洋蔥,鮮奶、奶油、鹽、白胡椒、蔥花、水,150,4,22,https://raw.githubusercontent.com/lihua00120/chat-_bot/main/images/%E5%8D%97%E7%93%9C%E6%BF%83%E6%B9%AF.jpg
南瓜蒸蛋,南瓜、蛋、蔥,鹽、清水、米酒、沙拉油,130,9,10,https://raw.githubusercontent.com/lihua00120/chat-_bot/main/images/%E5%8D%97%E7%93%9C%E8%92%B8%E8%9B%8B.jpg
秀珍菇炒蛋,秀珍菇、蛋、蒜,鹽、胡椒、醬油、蔥花、沙拉油,170,11,5,https://raw.githubusercontent.com/lihua00120/chat-_bot/main/images/%E7%A7%80%E7%8F%8D%E8%8F%87%E7%82%92%E8%9B%8B.jpg
白菜豆腐湯,包心白菜、豆腐、金針菇,薑片、鹽、白胡椒、昆布高湯、蔥花,110,9,8,https://raw.githubusercontent.com/lihua00120/chat-_bot/main/images/%E7%99%BD%E8%8F%9C%E8%B1%86%E8%85%90%E6%B9%AF.jpg
蒜炒青菜,大蒜、小白菜、油菜,鹽、醬油、白胡椒、沙拉油,90,3,6,https://raw.githubusercontent.com/lihua00120/chat-_bot/main/images/%E8%92%9C%E7%82%92%E9%9D%92%E8%8F%9C.jpg
巴西利烤雞,巴西利、雞胸肉、蒜,橄欖油、黑胡椒、鹽、迷迭香、檸檬汁,260,38,0,https://raw.githubusercontent.com/lihua00120/chat-_bot/main/images/%E5%B7%B4%E8%A5%BF%E5%88%A9%E7%83%A4%E9%9B%9E.jpg
扁蒲湯,扁蒲、排骨、薑,鹽、白胡椒、蔥花、水,120,10,7,https://raw.githubusercontent.com/lihua00120/chat-_bot/main/images/%E6%89%81%E8%92%B2%E6%B9%AF.jpg
三杯雞,雞腿肉、九層塔,薑片、蒜頭、麻油、醬油、米酒、糖、辣椒,350,35,10,https://raw.githubusercontent.com/lihua00120/chat-_bot/main/images/%E4%B8%89%E6%9D%AF%E9%9B%9E.jpg
九層塔蛤蜊,九層塔、蛤蜊,蒜頭、辣椒、米酒、薑片、鹽、蔥花,150,18,5,https://raw.githubusercontent.com/lihua00120/chat-_bot/main/images/%E4%B9%9D%E5%B1%A4%E5%A1%94%E8%9B%A4%E8%A0%A3.jpg
冬瓜排骨湯,冬瓜、排骨,薑片、蒜頭、鹽、白胡椒、蔥花、米酒、水,220,25,5,https://raw.githubusercontent.com/lihua00120/chat-_bot/main/images/%E5%86%AC%E7%93%9C%E6%8E%92%E9%AA%A8%E6%B9%AF.jpg
燒冬瓜,冬瓜、香菇,醬油、冰糖、薑、辣椒、蒜頭、米酒、水,130,3,20,https://raw.githubusercontent.com/lihua00120/chat-_bot/main/images/%E7%87%92%E5%86%AC%E7%93%9C.jpeg
冬瓜封,冬瓜、豬絞肉、蝦米、香菇,、紅蔥頭、蒜頭、醬油、米酒、白胡椒、糖,250,18,15,https://raw.githubusercontent.com/lihua00120/chat-_bot/main/images/%E5%86%AC%E7%93%9C%E5%B0%81.jpg
清炒冬瓜,冬瓜、蝦米,蒜頭、鹽、白胡椒、沙拉油,80,1,8,https://raw.githubusercontent.com/lihua00120/chat-_bot/main/images/%E6%B8%85%E7%82%92%E5%86%AC%E7%93%9C.png
冬瓜鮮蝦捲,冬瓜、蝦仁、紅蘿蔔,蔥花、薑末、太白粉、醬油、米酒、白胡椒粉、香油、水,180,20,10,https://raw.githubusercontent.com/lihua00120/chat-_bot/main/images/%E5%86%AC%E7%93%9C%E9%AE%AE%E8%9D%A6%E6%8D%B2.jpeg
開陽白菜,包心白菜、蝦米、香菇,蒜頭、醬油、鹽、糖、沙拉油,120,5,12,https://raw.githubusercontent.com/lihua00120/chat-_bot/main/images/%E9%96%8B%E9%99%BD%E7%99%BD%E8%8F%9C.png
砂鍋白菜滷,包心白菜、肉絲、紅蘿蔔、扁魚,蛋酥、醬油、蒜頭、薑片、米酒、白胡椒、水,200,15,10,https://raw.githubusercontent.com/lihua00120/chat-_bot/main/images/%E7%A0%82%E9%8D%8B%E7%99%BD%E8%8F%9C%E6%BB%B7.jpg
辣炒包心白菜,包心白菜,蒜頭、辣椒、醬油、鹽、白胡椒、沙拉油,90,2,7,https://raw.githubusercontent.com/lihua00120/chat-_bot/main/images/%E8%BE%A3%E7%82%92%E5%8C%85%E5%BF%83%E7%99%BD%E8%8F%9C.jpg
白菜水餃,包心白菜、豬絞肉,薑末、蒜末、鹽、醬油、麻油、白胡椒,280,18,25,https://raw.githubusercontent.com/lihua00120/chat-_bot/main/images/%E7%99%BD%E8%8F%9C%E6%B0%B4%E9%A4%83.jpg
酸菜白肉鍋,包心白菜、豬五花肉、酸菜、凍豆腐,高湯、蒜頭、薑片、白胡椒,350,25,15,https://raw.githubusercontent.com/lihua00120/chat-_bot/main/images/%E9%85%B8%E8%8F%9C%E7%99%BD%E8%82%89%E9%8D%8B.jpg
金沙南瓜,鹹蛋黃、南瓜,蒜頭、蔥花、奶油、白胡椒、沙拉油,210,8,15,https://raw.githubusercontent.com/lihua00120/chat-_bot/main/images/%E9%87%91%E6%B2%99%E5%8D%97%E7%93%9C.jpg
南瓜炒米粉,肉絲、蝦米、香菇、南瓜、米粉,蒜頭、醬油、白胡椒、沙拉油,320,10,50,https://raw.githubusercontent.com/lihua00120/chat-_bot/main/images/%E5%8D%97%E7%93%9C%E7%82%92%E7%B1%B3%E7%B2%89.jpg
南瓜泥,南瓜,砂糖或蜂蜜、奶油、肉桂粉、牛奶,140,3,30,https://raw.githubusercontent.com/lihua00120/chat-_bot/main/images/%E5%8D%97%E7%93%9C%E6%B3%A5.jpeg
焗烤南瓜,南瓜、培根,鮮奶油、起司絲、黑胡椒、鹽、奶油,300,15,20,https://raw.githubusercontent.com/lihua00120/chat-_bot/main/images/%E7%84%97%E7%83%A4%E5%8D%97%E7%93%9C.jpeg
蒜蓉蒸蝦,蝦子,大蒜、米酒、醬油、蔥花、薑片、白胡椒、鹽,240,30,8,https://raw.githubusercontent.com/lihua00120/chat-_bot/main/images/%E8%92%9C%E8%93%89%E8%92%B8%E8%9D%A6.jpg
蒜泥白肉,豬五花肉 (或豬里肌肉),大蒜、醬油、醋、糖、辣椒、薑絲、香油、白胡椒,300,20,10,https://raw.githubusercontent.com/lihua00120/chat-_bot/main/images/%E8%92%9C%E6%B3%A5%E7%99%BD%E8%82%89.jpg
蒜香奶油烤雞腿,雞腿肉,大蒜、奶油、百里香、迷迭香、黑胡椒、鹽、橄欖油,380,35,5,https://raw.githubusercontent.com/lihua00120/chat-_bot/main/images/%E8%92%9C%E9%A6%99%E5%A5%B6%E6%B2%B9%E7%83%A4%E9%9B%9E%E8%85%BF.jpg
蒜炒青菜,青菜 (如菠菜或空心菜),大蒜、鹽、白胡椒、沙拉油、米酒,110,3,10,https://raw.githubusercontent.com/lihua00120/chat-_bot/main/images/%E8%92%9C%E7%82%92%E9%9D%92%E8%8F%9C.jpg
蒜頭雞湯,雞肉塊,大蒜整顆、米酒、薑片、蒜頭切片、枸杞、鹽、高湯、白胡椒,250,28,5,https://raw.githubusercontent.com/lihua00120/chat-_bot/main/images/%E8%92%9C%E9%A0%AD%E9%9B%9E%E6%B9%AF.jpg
蒜香排骨,蒜頭、排骨,醬油、米酒、糖、薑片,380,28,15,https://raw.githubusercontent.com/lihua00120/chat-_bot/main/images/%E8%92%9C%E9%A6%99%E6%8E%92%E9%AA%A8.jpg
香菇小白菜,香菇、小白菜,蠔油、蒜頭、薑片、白胡椒、沙拉油,110,3,10,https://raw.githubusercontent.com/lihua00120/chat-_bot/main/images/%E9%A6%99%E8%8F%87%E5%B0%8F%E7%99%BD%E8%8F%9C.jpg
麻醬拌小白菜,小白菜,芝麻醬、醬油、醋、糖、蒜蓉、白芝麻、香油,150,6,12,https://raw.githubusercontent.com/lihua00120/chat-_bot/main/images/%E9%BA%BB%E9%86%AC%E6%8B%8C%E5%B0%8F%E7%99%BD%E8%8F%9C.jpg
小白菜豆腐湯,小白菜、豆腐,薑片、高湯、鹽、白胡椒、麻油、蔥花,130,10,5,https://raw.githubusercontent.com/lihua00120/chat-_bot/main/images/%E5%B0%8F%E7%99%BD%E8%8F%9C%E8%B1%86%E8%85%90%E6%B9%AF.jpg
小白菜炒年糕,豬肉絲、小白菜、年糕,醬油、白胡椒、蒜頭、沙拉油、香油,380,15,55,https://raw.githubusercontent.com/lihua00120/chat-_bot/main/images/%E5%B0%8F%E7%99%BD%E8%8F%9C%E7%82%92%E5%B9%B4%E7%B3%95.jpg
義式巴西利海鮮湯,番茄、洋蔥、巴西利、蛤蜊、蝦子、白肉魚,白酒、蒜頭、鹽、黑胡椒、高湯,260,30,8,https://raw.githubusercontent.com/lihua00120/chat-_bot/main/images/%E7%BE%A9%E5%BC%8F%E5%B7%B4%E8%A5%BF%E5%88%A9%E6%B5%B7%E9%AE%AE%E6%B9%AF.jpg
巴西利香蒜義大利麵,巴西利、義大利麵,蒜片、橄欖油、辣椒、黑胡椒、鹽,420,12,65,https://raw.githubusercontent.com/lihua00120/chat-_bot/main/images/%E5%B7%B4%E8%A5%BF%E5%88%A9%E9%A6%99%E8%92%9C%E7%BE%A9%E5%A4%A7%E5%88%A9%E9%BA%B5.jpg
塔布勒沙拉 (Tabouleh),巴西利 (大量)、番茄、小黃瓜,北非小米、檸檬汁、橄欖油、薄荷、鹽、黑胡椒,160,5,25,https://raw.githubusercontent.com/lihua00120/chat-_bot/main/images/%E5%A1%94%E5%B8%83%E5%8B%92%E6%B2%99%E6%8B%89.jpg
香草奶油鮭魚,巴西利、鮭魚排,奶油、檸檬汁、黑胡椒、鹽、蒜末,350,32,4,https://raw.githubusercontent.com/lihua00120/chat-_bot/main/images/%E9%A6%99%E8%8D%89%E5%A5%B6%E6%B2%B9%E9%AE%AD%E9%AD%9A.jpg
香蒜奶油巴西利麵包,法國麵包、巴西利,奶油、蒜泥、鹽、黑胡椒,200,5,30,https://raw.githubusercontent.com/lihua00120/chat-_bot/main/images/%E9%A6%99%E8%92%9C%E5%A5%B6%E6%B2%B9%E5%B7%B4%E8%A5%BF%E5%88%A9%E9%BA%B5%E5%8C%85.jpg
扁蒲蝦仁炒蛋,蝦仁、扁蒲、雞蛋,蒜頭、薑絲、鹽、白胡椒、米酒、蔥花、沙拉油,150,12,10,https://raw.githubusercontent.com/lihua00120/chat-_bot/main/images/%E6%89%81%E8%92%B2%E8%9D%A6%E4%BB%81%E7%82%92%E8%9B%8B.jpg
古早味扁蒲鹹粥,豬肉絲、扁蒲、米飯、香菇,蝦皮、油蔥酥、薑絲、蒜頭、鹽、白胡椒、高湯,280,15,35,https://raw.githubusercontent.com/lihua00120/chat-_bot/main/images/%E5%8F%A4%E6%97%A9%E5%91%B3%E6%89%81%E8%92%B2%E9%B9%B9%E7%B2%A5.jpg
涼拌扁蒲,扁蒲,蒜頭、香油、醋、糖、辣椒、白芝麻、鹽,60,1,10,https://raw.githubusercontent.com/lihua00120/chat-_bot/main/images/%E6%B6%BC%E6%8B%8C%E6%89%81%E8%92%B2.jpg
扁蒲煎餅,扁蒲、雞蛋、蝦米,麵粉、鹽、黑胡椒、蔥花、沙拉油,230,8,30,https://raw.githubusercontent.com/lihua00120/chat-_bot/main/images/%E6%89%81%E8%92%B2%E7%85%8E%E9%A4%85.jpg
乾煸四季豆,豬絞肉、敏豆,蒜頭、蔥花、榨菜末、醬油、白胡椒、沙拉油,250,15,15,https://raw.githubusercontent.com/lihua00120/chat-_bot/main/images/%E4%B9%BE%E7%85%B8%E5%9B%9B%E5%AD%A3%E8%B1%86.jpg
四季豆炒肉絲,敏豆、豬肉絲,蒜頭、醬油、米酒、白胡椒、辣椒、沙拉油,180,18,10,https://raw.githubusercontent.com/lihua00120/chat-_bot/main/images/%E5%9B%9B%E5%AD%A3%E8%B1%86%E7%82%92%E8%82%89%E7%B5%B2.jpg
四季豆炒蛋,敏豆、雞蛋,牛奶、鹽、黑胡椒、奶油或沙拉油,210,15,8,https://raw.githubusercontent.com/lihua00120/chat-_bot/main/images/%E5%9B%9B%E5%AD%A3%E8%B1%86%E7%82%92%E8%9B%8B.jpg
涼拌四季豆,敏豆,芝麻醬、醬油、醋、糖、蒜蓉、白芝麻、香油,130,5,15,https://raw.githubusercontent.com/lihua00120/chat-_bot/main/images/%E6%B6%BC%E6%8B%8C%E5%9B%9B%E5%AD%A3%E8%B1%86.jpg
辣炒四季豆,敏豆,蝦醬、辣椒、檸檬葉、魚露、蒜頭、糖、沙拉油,160,5,12,https://raw.githubusercontent.com/lihua00120/chat-_bot/main/images/%E8%BE%A3%E7%82%92%E5%9B%9B%E5%AD%A3%E8%B1%86.jpg
奶油香煎杏鮑菇,杏鮑菇,奶油、蒜片、鹽、黑胡椒、迷迭香（可選）,140,5,10,https://raw.githubusercontent.com/lihua00120/chat-_bot/main/images/%E5%A5%B6%E6%B2%B9%E9%A6%99%E7%85%8E%E6%9D%8F%E9%AE%91%E8%8F%87.jpg
三杯杏鮑菇,杏鮑菇,麻油、薑片、九層塔、醬油、米酒、冰糖、蒜頭,190,6,18,https://raw.githubusercontent.com/lihua00120/chat-_bot/main/images/%E4%B8%89%E6%9D%AF%E6%9D%8F%E9%AE%91%E8%8F%87.jpg
椒鹽杏鮑菇,杏鮑菇、九層塔,酥炸粉、椒鹽粉、蒜末、油,280,8,30,https://raw.githubusercontent.com/lihua00120/chat-_bot/main/images/%E6%A4%92%E9%B9%BD%E6%9D%8F%E9%AE%91%E8%8F%87.jpg
金沙杏鮑菇,鹹蛋黃、杏鮑菇,蒜蓉、辣椒、奶油、蔥花、糖、胡椒、少許油,260,6,14,https://raw.githubusercontent.com/lihua00120/chat-_bot/main/images/%E9%87%91%E6%B2%99%E6%9D%8F%E9%AE%91%E8%8F%87.jpg
杏鮑菇炒肉片,杏鮑菇、豬肉片,蒜頭、醬油、太白粉、米酒、白胡椒、沙拉油,220,20,10,https://raw.githubusercontent.com/lihua00120/chat-_bot/main/images/%E6%9D%8F%E9%AE%91%E8%8F%87%E7%82%92%E8%82%89%E7%89%87.jpg
蒜蓉炒油菜,油菜,蒜頭、鹽、白胡椒、米酒、沙拉油,90,3,6,https://raw.githubusercontent.com/lihua00120/chat-_bot/main/images/%E8%92%9C%E8%93%89%E7%82%92%E6%B2%B9%E8%8F%9C.jpg
蠔油油菜,油菜,蠔油、蒜頭、鹽、白胡椒、沙拉油,110,3,10,https://raw.githubusercontent.com/lihua00120/chat-_bot/main/images/%E8%A0%94%E6%B2%B9%E6%B2%B9%E8%8F%9C.jpg
姜絲油菜湯,油菜,薑絲、蒜頭、鹽、高湯、白胡椒、蔥花,70,2,5,https://raw.githubusercontent.com/lihua00120/chat-_bot/main/images/%E8%96%91%E7%B5%B2%E6%B2%B9%E8%8F%9C%E6%B9%AF.jpg
油菜炒香菇,油菜、香菇,蒜頭、醬油、米酒、白胡椒、沙拉油,120,4,10,https://raw.githubusercontent.com/lihua00120/chat-_bot/main/images/%E6%B2%B9%E8%8F%9C%E7%82%92%E9%A6%99%E8%8F%87.jpg
沙茶牛肉炒油菜,油菜、牛肉片,蒜頭、醬油、沙茶醬、糖、米酒、白胡椒、沙拉油,260,22,8,https://raw.githubusercontent.com/lihua00120/chat-_bot/main/images/%E6%B2%99%E8%8C%B6%E7%89%9B%E8%82%89%E7%82%92%E6%B2%B9%E8%8F%9C.jpg
洋蔥炒蛋,洋蔥、雞蛋,鹽、胡椒、蔥花、米酒、沙拉油,200,12,10,https://raw.githubusercontent.com/lihua00120/chat-_bot/main/images/%E6%B4%8B%E8%94%A5%E7%82%92%E8%9B%8B.jpg
日式洋蔥沙拉,洋蔥,柴魚片、和風醬、白芝麻、醬油、米醋、糖,90,2,10,https://raw.githubusercontent.com/lihua00120/chat-_bot/main/images/%E6%97%A5%E5%BC%8F%E6%B4%8B%E8%94%A5%E6%B2%99%E6%8B%89.jpg
法式洋蔥湯,洋蔥、起司、法國麵包,奶油、高湯、白胡椒、鹽,250,8,25,https://raw.githubusercontent.com/lihua00120/chat-_bot/main/images/%E6%B3%95%E5%BC%8F%E6%B4%8B%E8%94%A5%E6%B9%AF.jpg
洋蔥圈,麵包粉、雞蛋、麵粉、洋蔥,鹽、胡椒、油,320,6,45,https://raw.githubusercontent.com/lihua00120/chat-_bot/main/images/%E6%B4%8B%E8%94%A5%E5%9C%88.jpg
紅酒洋蔥燉牛肉,紅蘿蔔、番茄、洋蔥、牛腩,高湯、紅酒、蒜頭、醬油、米酒、黑胡椒、鹽,410,28,12,https://raw.githubusercontent.com/lihua00120/chat-_bot/main/images/%E7%B4%85%E9%85%92%E6%B4%8B%E8%94%A5%E7%87%89%E7%89%9B%E8%82%89.jpg
玉米炒蛋,玉米粒、雞蛋,鹽、胡椒、蔥花、米酒、沙拉油,220,12,18,https://raw.githubusercontent.com/lihua00120/chat-_bot/main/images/%E7%8E%89%E7%B1%B3%E7%82%92%E8%9B%8B.jpg
玉米濃湯,奶油、牛奶、玉米、培根、洋蔥、麵粉,高湯、胡椒、鹽,260,7,32,https://raw.githubusercontent.com/lihua00120/chat-_bot/main/images/%E7%8E%89%E7%B1%B3%E6%BF%83%E6%B9%AF.jpg
奶油玉米炒蝦仁,玉米粒、蝦仁,奶油、蒜頭、鹽、胡椒、蔥花,280,20,14,https://raw.githubusercontent.com/lihua00120/chat-_bot/main/images/%E5%A5%B6%E6%B2%B9%E7%8E%89%E7%B1%B3%E7%82%92%E8%9D%A6%E4%BB%81.jpg
玉米排骨湯,紅蘿蔔、玉米、白蘿蔔、排骨,薑片、蒜頭、鹽、白胡椒、米酒、水,300,20,18,https://raw.githubusercontent.com/lihua00120/chat-_bot/main/images/%E7%8E%89%E7%B1%B3%E6%8E%92%E9%AA%A8%E6%B9%AF.jpg
烤玉米,玉米,醬油、糖、奶油、黑胡椒,210,4,38,https://raw.githubusercontent.com/lihua00120/chat-_bot/main/images/%E7%83%A4%E7%8E%89%E7%B1%B3.jpg
彩椒炒牛肉,甜椒、牛肉片、洋蔥絲,蒜頭、醬油、米酒、糖、黑胡椒、鹽、沙拉油,280,22,12,https://raw.githubusercontent.com/lihua00120/chat-_bot/main/images/%E5%BD%A9%E6%A4%92%E7%82%92%E7%89%9B%E8%82%89.jpg
涼拌彩椒沙拉,甜椒,橄欖油、黑胡椒、檸檬汁、鹽、白芝麻、少許蜂蜜,120,2,10,https://raw.githubusercontent.com/lihua00120/chat-_bot/main/images/%E6%B6%BC%E6%8B%8C%E5%BD%A9%E6%A4%92%E6%B2%99%E6%8B%89.jpg
焗烤甜椒,起司絲、甜椒,黑胡椒、橄欖油、鹽、奶油,200,8,12,https://raw.githubusercontent.com/lihua00120/chat-_bot/main/images/%E7%84%97%E7%83%A4%E7%94%9C%E6%A4%92.jpg
甜椒炒蛋,甜椒、雞蛋,鹽、黑胡椒、蔥花、米酒、沙拉油,210,12,8,https://raw.githubusercontent.com/lihua00120/chat-_bot/main/images/%E7%94%9C%E6%A4%92%E7%82%92%E8%9B%8B.jpg
甜椒雞丁,甜椒、雞胸肉丁,蒜頭、醬油、米酒、黑胡椒、糖、沙拉油、薑絲,260,24,10,https://raw.githubusercontent.com/lihua00120/chat-_bot/main/images/%E7%94%9C%E6%A4%92%E9%9B%9E%E4%B8%81.jpg
番茄炒蛋,番茄、雞蛋,糖、鹽、蔥花、蒜頭、白胡椒、沙拉油,220,12,14,https://raw.githubusercontent.com/lihua00120/chat-_bot/main/images/%E7%95%AA%E8%8C%84%E7%82%92%E8%9B%8B.jpg
番茄牛腩湯,洋蔥、紅蘿蔔、番茄、牛腩,高湯、蒜頭、薑片、鹽、黑胡椒,380,30,16,https://raw.githubusercontent.com/lihua00120/chat-_bot/main/images/%E7%95%AA%E8%8C%84%E7%89%9B%E8%85%A9%E6%B9%AF.jpg
涼拌番茄,番茄,梅子粉或砂糖、檸檬汁、薄荷葉（可選）,90,2,20,https://raw.githubusercontent.com/lihua00120/chat-_bot/main/images/%E6%B6%BC%E6%8B%8C%E7%95%AA%E8%8C%84.jpg
番茄肉醬義大利麵,番茄、豬絞肉、義大利麵,蒜頭、橄欖油、黑胡椒、鹽,480,14,70,https://raw.githubusercontent.com/lihua00120/chat-_bot/main/images/%E7%95%AA%E8%8C%84%E8%82%89%E9%86%AC%E7%BE%A9%E5%A4%A7%E5%88%A9%E9%BA%B5.jpg
番茄烤雞腿,番茄、雞腿肉、巴西利,蒜頭、黑胡椒、橄欖油、鹽、迷迭香,350,32,8,https://raw.githubusercontent.com/lihua00120/chat-_bot/main/images/%E7%95%AA%E8%8C%84%E7%83%A4%E9%9B%9E%E8%85%BF.jpg
百合蓮子湯,百合、蓮子,冰糖、八角、水、枸杞（可選）,160,3,35,https://raw.githubusercontent.com/lihua00120/chat-_bot/main/images/%E7%99%BE%E5%90%88%E8%93%AE%E5%AD%90%E6%B9%AF.jpg
百合炒蘆筍,百合、蘆筍,蒜頭、鹽、白胡椒、沙拉油,120,4,10,https://raw.githubusercontent.com/lihua00120/chat-_bot/main/images/%E7%99%BE%E5%90%88%E7%82%92%E8%98%86%E7%AD%8D.jpg
百合枸杞雞湯,百合、雞肉,枸杞、薑片、蒜頭、鹽、白胡椒、水,260,22,8,https://raw.githubusercontent.com/lihua00120/chat-_bot/main/images/%E7%99%BE%E5%90%88%E6%9E%B8%E6%9D%9E%E9%9B%9E%E6%B9%AF.jpg
百合蒸南瓜,百合、南瓜,冰糖、水、蜂蜜（可選）,180,3,38,https://raw.githubusercontent.com/lihua00120/chat-_bot/main/images/%E7%99%BE%E5%90%88%E8%92%B8%E5%8D%97%E7%93%9C.jpg
銀杏百合蝦球,百合、蝦仁、銀杏,豌豆莢、薑、紅蘿蔔、蒜頭、鹽、白胡椒、沙拉油,140,4,18,https://raw.githubusercontent.com/lihua00120/chat-_bot/main/images/%E9%8A%80%E6%9D%8F%E7%99%BE%E5%90%88%E8%9D%A6%E7%90%83.jpg
蒜蓉炒皇宮菜,皇宮菜,蒜頭、鹽、白胡椒、米酒、沙拉油,90,3,7,https://raw.githubusercontent.com/lihua00120/chat-_bot/main/images/%E8%92%9C%E8%93%89%E7%82%92%E7%9A%87%E5%AE%AE%E8%8F%9C.jpg
皇宮菜蛋花湯,皇宮菜、雞蛋,昆布高湯、柴魚片、蔥花、白胡椒,120,8,10,https://raw.githubusercontent.com/lihua00120/chat-_bot/main/images/%E7%9A%87%E5%AE%AE%E8%8F%9C%E8%9B%8B%E8%8A%B1%E6%B9%AF.jpg
涼拌皇宮菜,皇宮菜,蒜蓉、醬油、香油、白芝麻、醋、糖、鹽,80,2,6,https://raw.githubusercontent.com/lihua00120/chat-_bot/main/images/%E6%B6%BC%E6%8B%8C%E7%9A%87%E5%AE%AE%E8%8F%9C.jpg
皇宮菜炒蛋,皇宮菜、雞蛋,枸杞、鹽、胡椒、蒜頭、米酒、蔥花、沙拉油,190,12,6,https://raw.githubusercontent.com/lihua00120/chat-_bot/main/images/%E7%9A%87%E5%AE%AE%E8%8F%9C%E7%82%92%E8%9B%8B.jpg
皇宮菜蛤蜊湯,皇宮菜、蛤蜊,薑片、蒜頭、鹽、白胡椒、米酒、水,160,12,7,https://raw.githubusercontent.com/lihua00120/chat-_bot/main/images/%E7%9A%87%E5%AE%AE%E8%8F%9C%E8%9B%A4%E8%9C%8A%E6%B9%AF.jpg
蜂蜜檸檬石蓮花,石蓮花,蜂蜜、檸檬汁、薄荷葉（可選）,60,1,12,https://raw.githubusercontent.com/lihua00120/chat-_bot/main/images/%E8%9C%82%E8%9C%9C%E6%AA%B8%E6%AA%AC%E7%9F%B3%E8%93%AE%E8%8A%B1.jpg
石蓮花沙拉,小黃瓜、番茄、石蓮花,橄欖油、黑胡椒、檸檬汁、鹽,90,2,10,https://raw.githubusercontent.com/lihua00120/chat-_bot/main/images/%E7%9F%B3%E8%93%AE%E8%8A%B1%E6%B2%99%E6%8B%89.jpg
石蓮花多多綠,石蓮花、綠茶, 養樂多、蜂蜜或果糖、冰塊,180,1,42,https://raw.githubusercontent.com/lihua00120/chat-_bot/main/images/%E7%9F%B3%E8%93%AE%E8%8A%B1%E5%A4%9A%E5%A4%9A%E7%B6%A0.jpg
石蓮花菩提蓮香捲,石蓮花、豆皮（或春捲皮）、蓮藕絲、香菇,醬油、胡椒、薑末、香油、少許糖,210,7,28,https://raw.githubusercontent.com/lihua00120/chat-_bot/main/images/%E7%9F%B3%E8%93%AE%E8%8A%B1%E8%8F%A9%E6%8F%90%E8%93%AE%E9%A6%99%E6%8D%B2.jpg
石蓮花蜜茶,石蓮花、紅茶（或綠茶）, 蜂蜜、檸檬片（可選）、冰塊或熱水,120,0,30,https://raw.githubusercontent.com/lihua00120/chat-_bot/main/images/%E7%9F%B3%E8%93%AE%E8%8A%B1%E8%9C%9C%E8%8C%B6.jpg
竹筍炒肉絲,竹筍、豬肉絲,蒜頭、醬油、米酒、白胡椒、沙拉油、薑絲,220,18,8,https://raw.githubusercontent.com/lihua00120/chat-_bot/main/images/%E7%AB%B9%E7%AD%8D%E7%82%92%E8%82%89%E7%B5%B2.jpg
竹筍雞湯,竹筍、雞肉,薑片、蒜頭、鹽、白胡椒、米酒、水,190,16,7,https://raw.githubusercontent.com/lihua00120/chat-_bot/main/images/%E7%AB%B9%E7%AD%8D%E9%9B%9E%E6%B9%AF.jpg
涼拌竹筍,竹筍,美乃滋或醬油、香油、白芝麻、蒜蓉、鹽,110,3,10,https://raw.githubusercontent.com/lihua00120/chat-_bot/main/images/%E6%B6%BC%E6%8B%8C%E7%AB%B9%E7%AD%8D.jpg
麻油竹筍肉片,竹筍、豬肉片, 麻油、薑片、米酒、鹽、胡椒,260,22,6,https://raw.githubusercontent.com/lihua00120/chat-_bot/main/images/%E9%BA%BB%E6%B2%B9%E7%AB%B9%E7%AD%8D%E8%82%89%E7%89%87.jpg
紅燒竹筍,竹筍、香菇,醬油、冰糖、蒜頭、薑片、白胡椒、水,150,4,20,https://raw.githubusercontent.com/lihua00120/chat-_bot/main/images/%E7%B4%85%E7%87%92%E7%AB%B9%E7%AD%8D.jpg
絲瓜蛤蜊湯,絲瓜、蛤蜊,薑片、蒜頭、鹽、白胡椒、米酒、水,140,10,9,https://raw.githubusercontent.com/lihua00120/chat-_bot/main/images/%E7%B5%B2%E7%93%9C%E8%9B%A4%E8%9C%8A%E6%B9%AF.jpg
蒜蓉炒絲瓜,絲瓜,蒜頭、鹽、白胡椒、沙拉油、蔥花,110,2,10,https://raw.githubusercontent.com/lihua00120/chat-_bot/main/images/%E8%92%9C%E8%93%89%E7%82%92%E7%B5%B2%E7%93%9C.jpg
絲瓜炒蛋,絲瓜、雞蛋,鹽、胡椒、蒜頭、米酒、蔥花、沙拉油,200,12,8,https://raw.githubusercontent.com/lihua00120/chat-_bot/main/images/%E7%B5%B2%E7%93%9C%E7%82%92%E8%9B%8B.jpg
絲瓜蝦仁,絲瓜、蝦仁,蒜頭、薑片、鹽、白胡椒、米酒、沙拉油,180,18,7,https://raw.githubusercontent.com/lihua00120/chat-_bot/main/images/%E7%B5%B2%E7%93%9C%E8%9D%A6%E4%BB%81.jpg
絲瓜豆腐煲,絲瓜、嫩豆腐,薑絲、蒜頭、鹽、高湯、白胡椒、蔥花,150,8,12,https://raw.githubusercontent.com/lihua00120/chat-_bot/main/images/%E7%B5%B2%E7%93%9C%E8%B1%86%E8%85%90%E7%85%B2.jpg
涼拌胡瓜,胡瓜,蒜蓉、醋、醬油、糖、白芝麻、香油、鹽,60,2,9,https://raw.githubusercontent.com/lihua00120/chat-_bot/main/images/%E6%B6%BC%E6%8B%8C%E8%83%A1%E7%93%9C.jpg
胡瓜炒蛋,胡瓜、雞蛋,蒜頭、鹽、白胡椒、米酒、蔥花、沙拉油,180,10,6,https://raw.githubusercontent.com/lihua00120/chat-_bot/main/images/%E8%83%A1%E7%93%9C%E7%82%92%E8%9B%8B.jpg
味噌胡瓜湯,胡瓜、豆腐,味噌、昆布高湯、洋蔥、柴魚片、白胡椒,120,8,10,https://raw.githubusercontent.com/lihua00120/chat-_bot/main/images/%E5%91%B3%E5%99%8C%E8%83%A1%E7%93%9C%E6%B9%AF.jpg
胡瓜炒香菇,胡瓜、香菇, 蒜末、油、鹽、胡椒、醬油（可選）,110,3,10,https://raw.githubusercontent.com/lihua00120/chat-_bot/main/images/%E8%83%A1%E7%93%9C%E7%82%92%E9%A6%99%E8%8F%87.jpg
胡瓜炒木耳,胡瓜、黑木耳, 蒜末、油、鹽、胡椒、醬油（可選）,95,2,9,https://raw.githubusercontent.com/lihua00120/chat-_bot/main/images/%E8%83%A1%E7%93%9C%E7%82%92%E6%9C%A8%E8%80%B3.jpg
胡蘿蔔炒蛋,胡蘿蔔、雞蛋,蒜頭、鹽、白胡椒、蔥花、沙拉油,210,12,10,https://raw.githubusercontent.com/lihua00120/chat-_bot/main/images/%E8%83%A1%E8%98%BF%E8%94%94%E7%82%92%E8%9B%8B.jpg
紅燒胡蘿蔔牛腩,番茄、洋葱、胡蘿蔔、牛腩,蒜頭、薑片、醬油、米酒、冰糖、高湯、黑胡椒,420,30,16,https://raw.githubusercontent.com/lihua00120/chat-_bot/main/images/%E7%B4%85%E7%87%92%E8%83%A1%E8%98%BF%E8%94%94%E7%89%9B%E8%85%A9.jpg
涼拌胡蘿蔔絲,胡蘿蔔,白醋、糖、鹽、白芝麻、香油,80,2,14,https://raw.githubusercontent.com/lihua00120/chat-_bot/main/images/%E6%B6%BC%E6%8B%8C%E8%83%A1%E8%98%BF%E8%94%94%E7%B5%B2.jpg
胡蘿蔔玉米濃湯,牛奶、洋蔥、胡蘿蔔、玉米,奶油、麵粉、鹽、白胡椒,260,6,28,https://raw.githubusercontent.com/lihua00120/chat-_bot/main/images/%E8%83%A1%E8%98%BF%E8%94%94%E7%8E%89%E7%B1%B3%E6%BF%83%E6%B9%AF.jpg
胡蘿蔔炒雞丁,胡蘿蔔、雞胸肉丁,蒜頭、醬油、米酒、白胡椒、沙拉油,260,24,10,https://raw.githubusercontent.com/lihua00120/chat-_bot/main/images/%E8%83%A1%E8%98%BF%E8%94%94%E7%82%92%E9%9B%9E%E4%B8%81.jpg
芥菜炒蛋,芥菜、雞蛋,蒜頭、鹽、白胡椒、蔥花、沙拉油,210,12,6,https://raw.githubusercontent.com/lihua00120/chat-_bot/main/images/%E8%8A%A5%E8%8F%9C%E7%82%92%E8%9B%8B.jpg
芥菜湯,芥菜,薑片、蒜頭、高湯、鹽、白胡椒,110,4,7,https://raw.githubusercontent.com/lihua00120/chat-_bot/main/images/%E8%8A%A5%E8%8F%9C%E6%B9%AF.jpg
芥菜炒肉絲,芥菜、豬肉絲,蒜末、醬油、米酒、油、白胡椒,250,18,8,https://raw.githubusercontent.com/lihua00120/chat-_bot/main/images/%E8%8A%A5%E8%8F%9C%E7%82%92%E8%82%89%E7%B5%B2.jpg
芥菜炒蝦仁,芥菜、去殼蝦仁,蒜末、鹽、白胡椒、油、米酒,200,18,5,https://raw.githubusercontent.com/lihua00120/chat-_bot/main/images/%E8%8A%A5%E8%8F%9C%E7%82%92%E8%9D%A6%E4%BB%81.jpg
涼拌芥菜,芥菜,蒜蓉、醋、醬油、香油、白芝麻、糖、鹽,80,3,6,https://raw.githubusercontent.com/lihua00120/chat-_bot/main/images/%E6%B6%BC%E6%8B%8C%E8%8A%A5%E8%8F%9C.jpg
蒜蓉炒芥藍菜,芥藍菜,蒜頭、鹽、白胡椒、米酒、沙拉油,90,3,6,https://raw.githubusercontent.com/lihua00120/chat-_bot/main/images/%E8%92%9C%E8%93%89%E7%82%92%E8%8A%A5%E8%97%8D%E8%8F%9C.jpg
芥藍菜牛肉,芥藍菜、牛肉片,蒜頭、醬油、糖、米酒、黑胡椒、沙拉油,300,24,10,https://raw.githubusercontent.com/lihua00120/chat-_bot/main/images/%E8%8A%A5%E8%97%8D%E8%8F%9C%E7%89%9B%E8%82%89.jpg
芥藍菜炒香菇,芥藍菜、香菇,蒜末、油、少許鹽,120,4,7,https://raw.githubusercontent.com/lihua00120/chat-_bot/main/images/%E8%8A%A5%E8%97%8D%E8%8F%9C%E7%82%92%E9%A6%99%E8%8F%87.jpg
芥藍菜炒蝦仁,芥藍菜、蝦仁,蒜頭、胡椒、鹽、米酒、沙拉油,210,20,6,https://raw.githubusercontent.com/lihua00120/chat-_bot/main/images/%E8%8A%A5%E8%97%8D%E8%8F%9C%E7%82%92%E8%9D%A6%E4%BB%81.jpg
涼拌芥藍菜,芥藍菜,蒜蓉、醋、香油、鹽、白芝麻、糖,70,2,5,https://raw.githubusercontent.com/lihua00120/chat-_bot/main/images/%E6%B6%BC%E6%8B%8C%E8%8A%A5%E8%97%8D%E8%8F%9C.jpg
蒜蓉炒花椰菜,花椰菜,蒜頭、鹽、白胡椒、沙拉油,120,4,10,https://raw.githubusercontent.com/lihua00120/chat-_bot/main/images/%E8%92%9C%E8%93%89%E7%82%92%E8%8A%B1%E6%A4%B0%E8%8F%9C.jpg
花椰菜炒肉片,花椰菜、豬肉片,蒜末、醬油、油、少許鹽,280,18,8,https://raw.githubusercontent.com/lihua00120/chat-_bot/main/images/%E8%8A%B1%E6%A4%B0%E8%8F%9C%E7%82%92%E8%82%89%E7%89%87.jpg
花椰菜炒蝦仁,花椰菜、蝦仁,蒜頭、鹽、米酒、白胡椒、沙拉油,180,18,7,https://raw.githubusercontent.com/lihua00120/chat-_bot/main/images/%E8%8A%B1%E6%A4%B0%E8%8F%9C%E7%82%92%E8%9D%A6%E4%BB%81.jpg
花椰菜炒香菇,花椰菜、香菇,蒜末、植物油、少許鹽,120,4,7,https://raw.githubusercontent.com/lihua00120/chat-_bot/main/images/%E8%8A%B1%E6%A4%B0%E8%8F%9C%E7%82%92%E9%A6%99%E8%8F%87.jpg
烤花椰菜,花椰菜,橄欖油、黑胡椒、鹽、蒜粉,120,4,10,https://raw.githubusercontent.com/lihua00120/chat-_bot/main/images/%E7%83%A4%E8%8A%B1%E6%A4%B0%E8%8F%9C.jpg
花胡瓜炒雞肉,花胡瓜、雞肉片,蒜頭、醬油、鹽、少許油,260,24,10,https://raw.githubusercontent.com/lihua00120/chat-_bot/main/images/%E8%8A%B1%E8%83%A1%E7%93%9C%E7%82%92%E9%9B%9E%E8%82%89.jpg
紫蘇醬漬花胡瓜,花胡瓜,紫蘇醬、醋、糖、鹽,70,2,14,https://raw.githubusercontent.com/lihua00120/chat-_bot/main/images/%E7%B4%AB%E8%98%87%E9%86%AC%E6%BC%AC%E8%8A%B1%E8%83%A1%E7%93%9C.jpg
花胡瓜鮪魚沙拉,花胡瓜、鮪魚罐頭,美乃滋、黑胡椒、檸檬汁、鹽,180,18,12,https://raw.githubusercontent.com/lihua00120/chat-_bot/main/images/%E8%8A%B1%E8%83%A1%E7%93%9C%E9%AE%AA%E9%AD%9A%E6%B2%99%E6%8B%89.png
花胡瓜炒蛋,花胡瓜、雞蛋,蒜頭、鹽、少許油,190,12,7,https://raw.githubusercontent.com/lihua00120/chat-_bot/main/images/%E8%8A%B1%E8%83%A1%E7%93%9C%E7%82%92%E8%9B%8B.jpg
花胡瓜肉卷,花胡瓜、豬肉片,蒜頭、醬油、米酒、黑胡椒、少許油,260,22,10,https://raw.githubusercontent.com/lihua00120/chat-_bot/main/images/%E8%8A%B1%E8%83%A1%E7%93%9C%E8%82%89%E5%8D%B7.jpg
芹菜炒豆干,芹菜、豆干,蒜頭、辣椒、醬油、白胡椒、沙拉油,160,12,10,https://raw.githubusercontent.com/lihua00120/chat-_bot/main/images/%E8%8A%B9%E8%8F%9C%E7%82%92%E8%B1%86%E5%B9%B2.jpg
芹菜炒牛肉,芹菜、牛肉片,蒜頭、醬油、糖、米酒、黑胡椒、沙拉油,300,24,10,https://raw.githubusercontent.com/lihua00120/chat-_bot/main/images/%E8%8A%B9%E8%8F%9C%E7%82%92%E7%89%9B%E8%82%89.jpg
芹菜炒花枝,芹菜、花枝,薑片、蒜頭、米酒、鹽、白胡椒,190,18,7,https://raw.githubusercontent.com/lihua00120/chat-_bot/main/images/%E8%8A%B9%E8%8F%9C%E7%82%92%E8%8A%B1%E6%9E%9D.jpg
芹菜蛤蠣菌菇湯,芹菜、蛤蠣、鮮香菇,薑片、蔥段、鹽、水（或高湯）,110,9,5,https://raw.githubusercontent.com/lihua00120/chat-_bot/main/images/%E8%8A%B9%E8%8F%9C%E8%9B%A4%E8%A0%A3%E8%8F%8C%E8%8F%87%E6%B9%AF.jpg
涼拌芹菜,芹菜,蒜蓉、醋、醬油、香油、白芝麻,80,2,6,https://raw.githubusercontent.com/lihua00120/chat-_bot/main/images/%E6%B6%BC%E6%8B%8C%E8%8A%B9%E8%8F%9C.jpg
苦瓜炒蛋,苦瓜、雞蛋,蒜頭、鹽、白胡椒、蔥花、沙拉油,200,12,6,https://raw.githubusercontent.com/lihua00120/chat-_bot/main/images/%E8%8B%A6%E7%93%9C%E7%82%92%E8%9B%8B.jpg
苦瓜排骨湯,苦瓜、排骨,薑片、蒜頭、鹽、白胡椒、水,230,20,7,https://raw.githubusercontent.com/lihua00120/chat-_bot/main/images/%E8%8B%A6%E7%93%9C%E6%8E%92%E9%AA%A8%E6%B9%AF.jpg
涼拌苦瓜,苦瓜,蒜蓉、醋、鹽、蜂蜜、冰水（降苦味）,70,2,6,https://raw.githubusercontent.com/lihua00120/chat-_bot/main/images/%E6%B6%BC%E6%8B%8C%E8%8B%A6%E7%93%9C.jpg
苦瓜燒肉,苦瓜、豬肉片,蒜頭、醬油、糖、米酒、黑胡椒、沙拉油,260,18,10,https://raw.githubusercontent.com/lihua00120/chat-_bot/main/images/%E8%8B%A6%E7%93%9C%E7%87%92%E8%82%89.jpg
苦瓜鹹蛋,苦瓜、鹹蛋,蒜頭、奶油、白胡椒、少許油,190,10,8,https://raw.githubusercontent.com/lihua00120/chat-_bot/main/images/%E8%8B%A6%E7%93%9C%E9%B9%B9%E8%9B%8B.jpg
蒜蓉炒茄子,茄子,蒜頭、鹽、白胡椒、沙拉油,170,3,10,https://raw.githubusercontent.com/lihua00120/chat-_bot/main/images/%E8%92%9C%E8%93%89%E7%82%92%E8%8C%84%E5%AD%90.jpg
魚香茄子,茄子,蒜頭、辣椒、豆瓣醬、醬油、糖、米酒、薑末,250,5,20,https://raw.githubusercontent.com/lihua00120/chat-_bot/main/images/%E9%AD%9A%E9%A6%99%E8%8C%84%E5%AD%90.jpg
涼拌茄子,茄子,蒜蓉、醋、醬油、香油、白芝麻,90,2,8,https://raw.githubusercontent.com/lihua00120/chat-_bot/main/images/%E6%B6%BC%E6%8B%8C%E8%8C%84%E5%AD%90.jpg
烤茄子,茄子,橄欖油、蒜末、黑胡椒、鹽,140,2,12,https://raw.githubusercontent.com/lihua00120/chat-_bot/main/images/%E7%83%A4%E8%8C%84%E5%AD%90.jpg
茄子燉豆腐,茄子、嫩豆腐,蒜末、醬油、油、少許鹽,150,8,12,https://raw.githubusercontent.com/lihua00120/chat-_bot/main/images/%E8%8C%84%E5%AD%90%E7%87%89%E8%B1%86%E8%85%90.jpg
茭白筍炒肉絲,茭白筍、豬肉絲,蒜頭、醬油、米酒、白胡椒、少許油,220,18,8,https://raw.githubusercontent.com/lihua00120/chat-_bot/main/images/%E8%8C%AD%E7%99%BD%E7%AD%8D%E7%82%92%E8%82%89%E7%B5%B2.jpg
茭白筍炒蝦仁,茭白筍、蝦仁,薑片、蒜頭、鹽、米酒、白胡椒,190,18,6,https://raw.githubusercontent.com/lihua00120/chat-_bot/main/images/%E8%8C%AD%E7%99%BD%E7%AD%8D%E7%82%92%E8%9D%A6%E4%BB%81.jpg
茭白筍雞湯,茭白筍、雞肉,薑片、蒜頭、鹽、高湯,160,15,6,https://raw.githubusercontent.com/lihua00120/chat-_bot/main/images/%E8%8C%AD%E7%99%BD%E7%AD%8D%E9%9B%9E%E6%B9%AF.jpg
涼拌茭白筍,茭白筍,蒜蓉、醋、醬油、香油、白芝麻,80,2,7,https://raw.githubusercontent.com/lihua00120/chat-_bot/main/images/%E6%B6%BC%E6%8B%8C%E8%8C%AD%E7%99%BD%E7%AD%8D.jpg
茭白筍炒蛋,茭白筍、雞蛋,鹽、胡椒、蔥花、少許油,200,12,6,https://raw.githubusercontent.com/lihua00120/chat-_bot/main/images/%E8%8C%AD%E7%99%BD%E7%AD%8D%E7%82%92%E8%9B%8B.jpg
涼拌蒜味菜豆,菜豆,蒜蓉、醋、醬油、香油、糖、白芝麻,90,3,8,https://raw.githubusercontent.com/lihua00120/chat-_bot/main/images/%E6%B6%BC%E6%8B%8C%E8%92%9C%E5%91%B3%E8%8F%9C%E8%B1%86.jpg
乾煸菜豆,菜豆,蒜頭、辣椒、醬油、糖、少許油,160,4,12,https://raw.githubusercontent.com/lihua00120/chat-_bot/main/images/%E4%B9%BE%E7%85%B8%E8%8F%9C%E8%B1%86.jpg
菜豆炒杏鮑菇,菜豆、杏鮑菇,蒜頭、醬油、胡椒、少許油,180,6,14,https://raw.githubusercontent.com/lihua00120/chat-_bot/main/images/%E8%8F%9C%E8%B1%86%E7%82%92%E6%9D%8F%E9%AE%91%E8%8F%87.jpg
菜豆炒蛋,菜豆、雞蛋,蒜頭、鹽、胡椒、少許油,200,12,8,https://raw.githubusercontent.com/lihua00120/chat-_bot/main/images/%E8%8F%9C%E8%B1%86%E7%82%92%E8%9B%8B.jpg
味噌拌菜豆,菜豆,味噌、白芝麻、醬油、糖、蒜蓉,110,3,10,https://raw.githubusercontent.com/lihua00120/chat-_bot/main/images/%E5%91%B3%E5%99%8C%E6%8B%8C%E8%8F%9C%E8%B1%86.jpg
蒜蓉炒菠菜,菠菜,蒜頭、鹽、白胡椒、沙拉油,90,3,6,https://raw.githubusercontent.com/lihua00120/chat-_bot/main/images/%E8%92%9C%E8%93%89%E7%82%92%E8%8F%A0%E8%8F%9C.jpg
菠菜蛋花湯,菠菜,雞蛋、高湯、鹽、白胡椒、蔥花,110,7,5,https://raw.githubusercontent.com/lihua00120/chat-_bot/main/images/%E8%8F%A0%E8%8F%9C%E8%9B%8B%E8%8A%B1%E6%B9%AF.jpg
涼拌菠菜,菠菜,蒜蓉、醋、醬油、香油、白芝麻,80,2,6,https://raw.githubusercontent.com/lihua00120/chat-_bot/main/images/%E6%B6%BC%E6%8B%8C%E8%8F%A0%E8%8F%9C.jpg
菠菜炒牛肉,菠菜、牛肉片,蒜頭、醬油、米酒、黑胡椒、少許油,280,24,8,https://raw.githubusercontent.com/lihua00120/chat-_bot/main/images/%E8%8F%A0%E8%8F%9C%E7%82%92%E7%89%9B%E8%82%89.jpg
菠菜豆腐味噌湯,菠菜、嫩豆腐,香菇、味噌、昆布高湯、白胡椒、蔥花,150,10,9,https://raw.githubusercontent.com/lihua00120/chat-_bot/main/images/%E8%8F%A0%E8%8F%9C%E8%B1%86%E8%85%90%E5%91%B3%E5%99%8C%E6%B9%AF.jpg
蓮藕排骨湯,蓮藕、排骨,薑片、蒜頭、鹽、白胡椒、高湯,260,20,18,https://raw.githubusercontent.com/lihua00120/chat-_bot/main/images/%E8%93%AE%E8%97%95%E6%8E%92%E9%AA%A8%E6%B9%AF.jpg
涼拌蓮藕,蓮藕,醋、糖、蒜蓉、白芝麻、鹽,110,2,22,https://raw.githubusercontent.com/lihua00120/chat-_bot/main/images/%E6%B6%BC%E6%8B%8C%E8%93%AE%E8%97%95.jpg
清炒蓮藕片,蓮藕,蒜頭、鹽、白胡椒、沙拉油,140,3,20,https://raw.githubusercontent.com/lihua00120/chat-_bot/main/images/%E6%B8%85%E7%82%92%E8%93%AE%E8%97%95%E7%89%87.jpg
蓮藕燉牛腩,紅蘿蔔、蓮藕、牛腩,薑片、蒜頭、醬油、米酒,420,28,24,https://raw.githubusercontent.com/lihua00120/chat-_bot/main/images/%E8%93%AE%E8%97%95%E7%87%89%E7%89%9B%E8%85%A9.jpg
蜂蜜脆蓮藕,蓮藕,蜂蜜、檸檬汁、白芝麻,150,1,34,https://raw.githubusercontent.com/lihua00120/chat-_bot/main/images/%E8%9C%82%E8%9C%9C%E8%84%86%E8%93%AE%E8%97%95.jpg
薑絲大腸,薑、大腸,醋、醬油、糖、蒜頭、辣椒,260,18,12,https://raw.githubusercontent.com/lihua00120/chat-_bot/main/images/%E8%96%91%E7%B5%B2%E5%A4%A7%E8%85%B8.jpg
薑汁炒飯,薑、白飯,雞蛋、蔥、蒜頭、少許油,420,12,65,https://raw.githubusercontent.com/lihua00120/chat-_bot/main/images/%E8%96%91%E6%B1%81%E7%82%92%E9%A3%AF.jpg
薑汁燒肉,薑、豬肉片,醬油、糖、米酒、蒜末,320,22,18,https://raw.githubusercontent.com/lihua00120/chat-_bot/main/images/%E8%96%91%E6%B1%81%E7%87%92%E8%82%89.jpg
薑茶,薑,黑糖、水,90,0,22,https://raw.githubusercontent.com/lihua00120/chat-_bot/main/images/%E8%96%91%E8%8C%B6.jpg
薑燒豆腐,薑、板豆腐,醬油、蒜頭、糖、少許油,210,14,12,https://raw.githubusercontent.com/lihua00120/chat-_bot/main/images/%E8%96%91%E7%87%92%E8%B1%86%E8%85%90.jpg
高麗菜炒蝦米,蝦米、甘藍,蒜頭、白胡椒、少許油,140,4,12,https://raw.githubusercontent.com/lihua00120/chat-_bot/main/images/%E9%AB%98%E9%BA%97%E8%8F%9C%E7%82%92%E8%9D%A6%E7%B1%B3.jpg
高麗菜滷豆腐,甘藍、板豆腐,蒜頭、醬油、薑片、少許油,180,12,10,https://raw.githubusercontent.com/lihua00120/chat-_bot/main/images/%E9%AB%98%E9%BA%97%E8%8F%9C%E6%BB%B7%E8%B1%86%E8%85%90.png
高麗菜炒豬肉,甘藍、豬肉片,蒜頭、醬油、米酒、糖、白胡椒,260,20,9,https://raw.githubusercontent.com/lihua00120/chat-_bot/main/images/%E9%AB%98%E9%BA%97%E8%8F%9C%E7%82%92%E8%B1%AC%E8%82%89.jpg
高麗菜味噌湯,味噌、豆腐、甘藍,昆布高湯、蔥花,120,8,10,https://raw.githubusercontent.com/lihua00120/chat-_bot/main/images/%E9%AB%98%E9%BA%97%E8%8F%9C%E5%91%B3%E5%99%8C%E6%B9%AF.jpg
涼拌高麗菜絲,甘藍,白醋、糖、鹽、白芝麻、少許香油,80,2,14,https://raw.githubusercontent.com/lihua00120/chat-_bot/main/images/%E6%B6%BC%E6%8B%8C%E9%AB%98%E9%BA%97%E8%8F%9C%E7%B5%B2.jpg
地瓜煎餅,甘藷,麵粉、雞蛋、糖、鹽、少許油,240,4,42,https://raw.githubusercontent.com/lihua00120/chat-_bot/main/images/%E5%9C%B0%E7%93%9C%E7%85%8E%E9%A4%85.jpg
地瓜稀飯,甘藷、白米,水、鹽,180,3,38,https://raw.githubusercontent.com/lihua00120/chat-_bot/main/images/%E5%9C%B0%E7%93%9C%E7%A8%80%E9%A3%AF.jpg
蜜地瓜,甘藷,糖、水,220,1,48,https://raw.githubusercontent.com/lihua00120/chat-_bot/main/images/%E8%9C%9C%E5%9C%B0%E7%93%9C.jpg
地瓜濃湯,甘藷,洋蔥、牛奶、奶油、鹽、黑胡椒,240,5,35,https://raw.githubusercontent.com/lihua00120/chat-_bot/main/images/%E5%9C%B0%E7%93%9C%E6%BF%83%E6%B9%AF.jpg
地瓜球,木薯粉、甘藷,糖、油,210,1,42,https://raw.githubusercontent.com/lihua00120/chat-_bot/main/images/%E5%9C%B0%E7%93%9C%E7%90%83.jpg
皮蛋地瓜葉,甘藷葉、皮蛋,蒜頭、醬油、香油、鹽,160,8,6,https://raw.githubusercontent.com/lihua00120/chat-_bot/main/images/%E7%9A%AE%E8%9B%8B%E5%9C%B0%E7%93%9C%E8%91%89.jpg
蒜香地瓜葉,甘藷葉、紅蘿蔔,蒜蓉、醬油、香油,90,2,6,https://raw.githubusercontent.com/lihua00120/chat-_bot/main/images/%E8%92%9C%E9%A6%99%E5%9C%B0%E7%93%9C%E8%91%89.jpg
金平地瓜葉,甘藷葉,蒜頭、醬油、糖、白芝麻、香油、辣椒絲,150,3,10,https://raw.githubusercontent.com/lihua00120/chat-_bot/main/images/%E9%87%91%E5%B9%B3%E5%9C%B0%E7%93%9C%E8%91%89.jpg
蔥油地瓜葉,甘藷葉,、水、沙拉油、醬油膏、紅蔥油、紅蔥酥,140,4,7,https://raw.githubusercontent.com/lihua00120/chat-_bot/main/images/%E8%94%A5%E6%B2%B9%E5%9C%B0%E7%93%9C%E8%91%89.jpg
地瓜葉炒小魚乾,甘藷葉、小魚乾,蒜頭、少許油,180,12,7,https://raw.githubusercontent.com/lihua00120/chat-_bot/main/images/%E5%9C%B0%E7%93%9C%E8%91%89%E7%82%92%E5%B0%8F%E9%AD%9A%E4%B9%BE.jpg
芋頭燉排骨,芋、排骨,薑片、蒜頭、鹽,260,20,22,https://raw.githubusercontent.com/lihua00120/chat-_bot/main/images/%E8%8A%8B%E9%A0%AD%E7%87%89%E6%8E%92%E9%AA%A8.jpg
芋頭米粉湯,香菇、蝦米、豬肉絲、芋、米粉,蔥花,420,18,60,https://raw.githubusercontent.com/lihua00120/chat-_bot/main/images/%E8%8A%8B%E9%A0%AD%E7%B1%B3%E7%B2%89%E6%B9%AF.jpg
芋頭粥,芋、白米,香菇、蒜頭、水、鹽,200,4,38,https://raw.githubusercontent.com/lihua00120/chat-_bot/main/images/%E8%8A%8B%E9%A0%AD%E7%B2%A5.jpg
蜜芋頭,芋,糖、水,230,2,50,https://raw.githubusercontent.com/lihua00120/chat-_bot/main/images/%E8%9C%9C%E8%8A%8B%E9%A0%AD.jpg
芋頭燒雞,芋、雞肉,蒜頭、醬油、米酒、薑片,340,26,20,https://raw.githubusercontent.com/lihua00120/chat-_bot/main/images/%E8%8A%8B%E9%A0%AD%E7%87%92%E9%9B%9E.jpg
香菜皮蛋魚湯,芫荽、魚片、皮蛋,薑片、鹽、白胡椒、水,180,20,6,https://raw.githubusercontent.com/lihua00120/chat-_bot/main/images/%E9%A6%99%E8%8F%9C%E7%9A%AE%E8%9B%8B%E9%AD%9A%E6%B9%AF.jpg
香菜牛肉炒,芫荽、牛肉片,蒜頭、醬油、米酒、黑胡椒,280,24,8,https://raw.githubusercontent.com/lihua00120/chat-_bot/main/images/%E9%A6%99%E8%8F%9C%E7%89%9B%E8%82%89%E7%82%92.jpg
香菜拌豬肝,芫荽、豬肝,薑絲、醋、醬油、蒜蓉,200,22,6,https://raw.githubusercontent.com/lihua00120/chat-_bot/main/images/%E9%A6%99%E8%8F%9C%E6%8B%8C%E8%B1%AC%E8%82%9D.jpg
香菜蒸魚片,芫荽、魚片,蒜頭、米酒、鹽,210,25,4,https://raw.githubusercontent.com/lihua00120/chat-_bot/main/images/%E9%A6%99%E8%8F%9C%E8%92%B8%E9%AD%9A%E7%89%87.jpg
香菜雞絲冷盤,芫荽、雞胸肉,醬油、醋、蒜蓉、糖,220,25,7,https://raw.githubusercontent.com/lihua00120/chat-_bot/main/images/%E9%A6%99%E8%8F%9C%E9%9B%9E%E7%B5%B2%E5%86%B7%E7%9B%A4.jpg
A菜炒豆皮,萵苣菜、豆皮,蒜頭、醬油、少許油、蔥花,160,10,8,https://raw.githubusercontent.com/lihua00120/chat-_bot/main/images/A%E8%8F%9C%E7%82%92%E8%B1%86%E7%9A%AE.jpg
A菜枸杞湯,萵苣菜,枸杞、薑片、鹽、高湯,100,3,6,https://raw.githubusercontent.com/lihua00120/chat-_bot/main/images/A%E8%8F%9C%E6%9E%B8%E6%9D%9E%E6%B9%AF.jpg
A菜蒸肉餅,萵苣菜、豬絞肉,薑末、醬油、胡椒、少許糖,300,22,10,https://raw.githubusercontent.com/lihua00120/chat-_bot/main/images/A%E8%8F%9C%E8%92%B8%E8%82%89%E9%A4%85.jpg
A菜炒冬粉,香菇、萵苣菜、冬粉,蒜頭、醬油、蔥花,320,8,52,https://raw.githubusercontent.com/lihua00120/chat-_bot/main/images/A%E8%8F%9C%E7%82%92%E5%86%AC%E7%B2%89.jpg
A菜蒜蓉涼拌,萵苣菜,蒜蓉、醬油、香油、白芝麻,80,2,6,https://raw.githubusercontent.com/lihua00120/chat-_bot/main/images/A%E8%8F%9C%E8%92%9C%E8%93%89%E6%B6%BC%E6%8B%8C.jpg
泰式空心菜,蕹菜,辣椒、蒜頭、魚露、檸檬汁,140,3,7,https://raw.githubusercontent.com/lihua00120/chat-_bot/main/images/%E6%B3%B0%E5%BC%8F%E7%A9%BA%E5%BF%83%E8%8F%9C.jpg
空心菜花生冷盤,蕹菜,花生碎、蒜蓉、醬油、香油、醋,150,5,8,https://raw.githubusercontent.com/lihua00120/chat-_bot/main/images/%E7%A9%BA%E5%BF%83%E8%8F%9C%E8%8A%B1%E7%94%9F%E5%86%B7%E7%9B%A4.jpg
腐乳空心菜,蕹菜,腐乳、蒜頭、糖、米酒、少許油,150,3,8,https://raw.githubusercontent.com/lihua00120/chat-_bot/main/images/%E8%85%90%E4%B9%B3%E7%A9%BA%E5%BF%83%E8%8F%9C.jpg
空心菜蛋餅,蕹菜、雞蛋,鹽、胡椒、少許油、蔥花,220,14,10,https://raw.githubusercontent.com/lihua00120/chat-_bot/main/images/%E7%A9%BA%E5%BF%83%E8%8F%9C%E8%9B%8B%E9%A4%85.jpg
小魚乾空心菜湯,蕹菜、小魚乾,薑片、鹽、高湯、水,140,10,6,https://raw.githubusercontent.com/lihua00120/chat-_bot/main/images/%E5%B0%8F%E9%AD%9A%E4%B9%BE%E7%A9%BA%E5%BF%83%E8%8F%9C%E6%B9%AF.jpg
山藥雞肉粥,白米、薯蕷、雞胸肉,薑絲、鹽、水,210,15,28,https://raw.githubusercontent.com/lihua00120/chat-_bot/main/images/%E5%B1%B1%E8%97%A5%E9%9B%9E%E8%82%89%E7%B2%A5.jpg
山藥鮭魚味噌湯,味噌、豆腐、薯蕷、鮭魚,昆布高湯、蔥花,160,9,20,https://raw.githubusercontent.com/lihua00120/chat-_bot/main/images/%E5%B1%B1%E8%97%A5%E9%AE%AD%E9%AD%9A%E5%91%B3%E5%99%8C%E6%B9%AF.jpg
山藥煎餅,薯蕷、麵粉,雞蛋、鹽、胡椒、蔥花,240,8,32,https://raw.githubusercontent.com/lihua00120/chat-_bot/main/images/%E5%B1%B1%E8%97%A5%E7%85%8E%E9%A4%85.jpg
山藥燉牛肉,紅蘿蔔、洋蔥、薯蕷、牛肉,醬油、蒜頭,380,26,22,https://raw.githubusercontent.com/lihua00120/chat-_bot/main/images/%E5%B1%B1%E8%97%A5%E7%87%89%E7%89%9B%E8%82%89.jpg
山藥涼拌梅子醬,薯蕷,梅子醬、白芝麻、少許砂糖,120,2,27,https://raw.githubusercontent.com/lihua00120/chat-_bot/main/images/%E5%B1%B1%E8%97%A5%E6%B6%BC%E6%8B%8C%E6%A2%85%E5%AD%90%E9%86%AC.jpg
蘆筍炒牛肉,蘆筍、牛肉片,蒜頭、醬油、米酒、黑胡椒,280,24,8,https://raw.githubusercontent.com/lihua00120/chat-_bot/main/images/%E8%98%86%E7%AD%8D%E7%82%92%E7%89%9B%E8%82%89.jpg
奶油蘆筍濃湯,洋蔥、蘆筍,奶油、牛奶、鹽、白胡椒,210,6,18,https://raw.githubusercontent.com/lihua00120/chat-_bot/main/images/%E5%A5%B6%E6%B2%B9%E8%98%86%E7%AD%8D%E6%BF%83%E6%B9%AF.jpg
蘆筍培根卷,蘆筍、培根,黑胡椒、少許油、蒜粉,190,10,5,https://raw.githubusercontent.com/lihua00120/chat-_bot/main/images/%E8%98%86%E7%AD%8D%E5%9F%B9%E6%A0%B9%E5%8D%B7.jpg
涼拌蘆筍沙拉,蘆筍,沙拉醬、橄欖油、檸檬汁、黑胡椒、鹽,120,3,7,https://raw.githubusercontent.com/lihua00120/chat-_bot/main/images/%E6%B6%BC%E6%8B%8C%E8%98%86%E7%AD%8D%E6%B2%99%E6%8B%89.jpg
蘆筍清炒蝦仁,蘆筍、蝦仁,蒜頭、鹽、米酒、白胡椒、少許油,180,20,6,https://raw.githubusercontent.com/lihua00120/chat-_bot/main/images/%E8%98%86%E7%AD%8D%E6%B8%85%E7%82%92%E8%9D%A6%E4%BB%81.jpg
香煎虎皮辣椒,辣椒,蒜末、醬油、糖、少許油,140,2,10,https://raw.githubusercontent.com/lihua00120/chat-_bot/main/images/%E9%A6%99%E7%85%8E%E8%99%8E%E7%9A%AE%E8%BE%A3%E6%A4%92.jpg
涼拌辣椒皮蛋,辣椒、皮蛋,醋、醬油、蒜蓉、香油,160,10,6,https://raw.githubusercontent.com/lihua00120/chat-_bot/main/images/%E6%B6%BC%E6%8B%8C%E8%BE%A3%E6%A4%92%E7%9A%AE%E8%9B%8B.jpg
蒜香辣椒炒小魚乾,辣椒、小魚乾,蒜頭、少許油、白芝麻,200,14,7,https://raw.githubusercontent.com/lihua00120/chat-_bot/main/images/%E8%92%9C%E9%A6%99%E8%BE%A3%E6%A4%92%E7%82%92%E5%B0%8F%E9%AD%9A%E4%B9%BE.jpg
辣椒炒蛋,辣椒、雞蛋,鹽、黑胡椒、少許油,210,12,6,https://raw.githubusercontent.com/lihua00120/chat-_bot/main/images/%E8%BE%A3%E6%A4%92%E7%82%92%E8%9B%8B.jpg
辣椒燉雞翅,辣椒、雞翅,蒜頭、醬油、米酒、糖,320,26,10,https://raw.githubusercontent.com/lihua00120/chat-_bot/main/images/%E8%BE%A3%E6%A4%92%E7%87%89%E9%9B%9E%E7%BF%85.jpg
佛手瓜炒肉絲,隼人瓜、豬肉絲,蒜頭、醬油、少許油、黑胡椒,220,18,8,https://raw.githubusercontent.com/lihua00120/chat-_bot/main/images/%E4%BD%9B%E6%89%8B%E7%93%9C%E7%82%92%E8%82%89%E7%B5%B2.jpg
佛手瓜味噌湯,味噌、豆腐、隼人瓜,昆布高湯、蔥花,140,9,12,https://raw.githubusercontent.com/lihua00120/chat-_bot/main/images/%E4%BD%9B%E6%89%8B%E7%93%9C%E5%91%B3%E5%99%8C%E6%B9%AF.jpg
涼拌佛手瓜絲,隼人瓜,蒜蓉、白醋、糖、鹽、白芝麻,80,2,14,https://raw.githubusercontent.com/lihua00120/chat-_bot/main/images/%E6%B6%BC%E6%8B%8C%E4%BD%9B%E6%89%8B%E7%93%9C%E7%B5%B2.jpg
佛手瓜煎餅,隼人瓜、麵粉,雞蛋、鹽、胡椒、蔥花,230,7,32,https://raw.githubusercontent.com/lihua00120/chat-_bot/main/images/%E4%BD%9B%E6%89%8B%E7%93%9C%E7%85%8E%E9%A4%85.jpg
佛手瓜燉雞湯,隼人瓜、雞腿肉,薑片、米酒、鹽、高湯,320,26,10,https://raw.githubusercontent.com/lihua00120/chat-_bot/main/images/%E4%BD%9B%E6%89%8B%E7%93%9C%E7%87%89%E9%9B%9E%E6%B9%AF.jpg
鮮蝦炒青花菜,青花苔、蝦仁,蒜頭、鹽、米酒、白胡椒、少許油,190,18,7,https://raw.githubusercontent.com/lihua00120/chat-_bot/refs/heads/main/images/%E9%AE%AE%E8%9D%A6%E7%82%92%E9%9D%92%E8%8A%B1%E8%8F%9C.jpg
焗烤青花菜,青花苔,起司、奶油、黑胡椒、鹽,240,8,12,https://raw.githubusercontent.com/lihua00120/chat-_bot/main/images/%E7%84%97%E7%83%A4%E9%9D%92%E8%8A%B1%E8%8F%9C.jpg
青花菜雞肉清湯,青花苔、雞肉,薑片、鹽、高湯,160,15,6,https://raw.githubusercontent.com/lihua00120/chat-_bot/main/images/%E9%9D%92%E8%8A%B1%E8%8F%9C%E9%9B%9E%E8%82%89%E6%B8%85%E6%B9%AF.jpg
胡麻青花菜,青花苔,芝麻醬、醬油、蒜蓉、白醋,130,4,10,https://raw.githubusercontent.com/lihua00120/chat-_bot/main/images/%E8%83%A1%E9%BA%BB%E9%9D%92%E8%8A%B1%E8%8F%9C.jpg
青花菜煎蛋餅,青花苔、雞蛋,鹽、胡椒、少許油、蔥花,210,14,8,https://raw.githubusercontent.com/lihua00120/chat-_bot/main/images/%E9%9D%92%E8%8A%B1%E8%8F%9C%E7%85%8E%E8%9B%8B%E9%A4%85.jpg
蔥燒豆腐,青蔥、板豆腐,醬油、糖、蒜頭、米酒,220,14,12,https://raw.githubusercontent.com/lihua00120/chat-_bot/main/images/%E8%94%A5%E7%87%92%E8%B1%86%E8%85%90.jpg
蔥煎蛋餅,青蔥、雞蛋,麵粉、鹽、胡椒、少許油,260,12,28,https://raw.githubusercontent.com/lihua00120/chat-_bot/main/images/%E8%94%A5%E8%9B%8B%E7%85%8E%E9%A4%85.jpg
蔥油雞,青蔥、雞腿肉,薑絲、鹽、香油、白胡椒,280,30,4,https://raw.githubusercontent.com/lihua00120/chat-_bot/main/images/%E8%94%A5%E6%B2%B9%E9%9B%9E.jpg
蔥燒鮮菇,青蔥、鮮香菇,醬油、米酒、糖、蒜末,180,6,14,https://raw.githubusercontent.com/lihua00120/chat-_bot/main/images/%E8%94%A5%E7%87%92%E9%AE%AE%E8%8F%87.jpg
韓式涼拌辣蔥絲,青蔥,韓式辣醬、蒜末、醋、糖、白芝麻、香油,90,2,12,https://raw.githubusercontent.com/lihua00120/chat-_bot/main/images/%E9%9F%93%E5%BC%8F%E6%B6%BC%E6%8B%8C%E8%BE%A3%E8%94%A5%E7%B5%B2.jpg
馬鈴薯燉肉,胡蘿蔔、馬鈴薯、豬肉塊,醬油、薑片、蒜頭、糖,360,24,28,https://raw.githubusercontent.com/lihua00120/chat-_bot/main/images/%E9%A6%AC%E9%88%B4%E8%96%AF%E7%87%89%E8%82%89.jpg
馬鈴薯海鮮濃湯,蝦仁、洋蔥、馬鈴薯,牛奶、奶油,260,12,22,https://raw.githubusercontent.com/lihua00120/chat-_bot/main/images/%E9%A6%AC%E9%88%B4%E8%96%AF%E6%B5%B7%E9%AE%AE%E6%BF%83%E6%B9%AF.jpg
香煎馬鈴薯餅,馬鈴薯,麵粉、雞蛋、胡椒、鹽,240,7,30,https://raw.githubusercontent.com/lihua00120/chat-_bot/main/images/%E9%A6%99%E7%85%8E%E9%A6%AC%E9%88%B4%E8%96%AF%E9%A4%85.jpg
馬鈴薯烤雞盤,馬鈴薯、雞腿肉,迷迭香、橄欖油、黑胡椒、鹽,420,30,18,https://raw.githubusercontent.com/lihua00120/chat-_bot/main/images/%E9%A6%AC%E9%88%B4%E8%96%AF%E7%83%A4%E9%9B%9E%E7%9B%A4.jpg
涼拌馬鈴薯絲,馬鈴薯,醋、蒜蓉、辣椒絲、糖、鹽,150,3,26,https://raw.githubusercontent.com/lihua00120/chat-_bot/main/images/%E6%B6%BC%E6%8B%8C%E9%A6%AC%E9%88%B4%E8%96%AF%E7%B5%B2.jpg
涼拌秋葵,黃秋葵,蒜蓉、醬油、白芝麻、香油,80,3,7,https://raw.githubusercontent.com/lihua00120/chat-_bot/main/images/%E6%B6%BC%E6%8B%8C%E7%A7%8B%E8%91%B5.jpg
蒜香秋葵炒蝦仁,黃秋葵、蝦仁,蒜頭、米酒、鹽、白胡椒,180,20,6,https://raw.githubusercontent.com/lihua00120/chat-_bot/main/images/%E8%92%9C%E9%A6%99%E7%A7%8B%E8%91%B5%E7%82%92%E8%9D%A6%E4%BB%81.jpg
秋葵味噌湯,味噌、豆腐、黃秋葵,昆布高湯、蔥花,140,9,10,https://raw.githubusercontent.com/lihua00120/chat-_bot/main/images/%E7%A7%8B%E8%91%B5%E5%91%B3%E5%99%8C%E6%B9%AF.jpg
香煎秋葵培根卷,黃秋葵、培根,黑胡椒、少許油,220,12,6,https://raw.githubusercontent.com/lihua00120/chat-_bot/main/images/%E9%A6%99%E7%85%8E%E7%A7%8B%E8%91%B5%E5%9F%B9%E6%A0%B9%E5%8D%B7.jpg
咖哩秋葵雞,黃秋葵、雞胸肉,咖哩粉、洋蔥、牛奶、鹽,320,28,14,https://raw.githubusercontent.com/lihua00120/chat-_bot/main/images/%E5%92%96%E5%93%A9%E7%A7%8B%E8%91%B5%E9%9B%9E.jpg
培根炒球芽甘藍,球莖甘藍、培根,蒜頭、黑胡椒、少許油、鹽,220,10,12,https://raw.githubusercontent.com/lihua00120/chat-_bot/main/images/%E5%9F%B9%E6%A0%B9%E7%82%92%E7%B5%90%E7%90%83%E7%94%98%E8%97%8D.jpg
烤球芽甘藍,球莖甘藍,橄欖油、鹽、黑胡椒、蒜粉,150,3,18,https://raw.githubusercontent.com/lihua00120/chat-_bot/main/images/%E7%83%A4%E7%B5%90%E7%90%83%E7%94%98%E8%97%8D.jpg
奶油醬燒球芽甘藍,球莖甘藍,奶油、醬油、蒜末、黑胡椒、糖,190,4,16,https://raw.githubusercontent.com/lihua00120/chat-_bot/main/images/%E5%A5%B6%E6%B2%B9%E9%86%AC%E7%87%92%E7%B5%90%E7%90%83%E7%94%98%E8%97%8D.jpg
咖哩豚炒球芽甘藍,球莖甘藍、豬肉片,咖哩粉、蒜頭、醬油、米酒、少許油,260,20,12,https://raw.githubusercontent.com/lihua00120/chat-_bot/main/images/%E5%92%96%E5%93%A9%E8%B1%9A%E7%82%92%E7%90%83%E8%8A%BD%E7%94%98%E8%97%8D.jpg
焗烤球芽甘藍,球莖甘藍,奶油、起司絲、黑胡椒、鹽,230,7,18,https://raw.githubusercontent.com/lihua00120/chat-_bot/main/images/%E7%84%97%E7%83%A4%E7%90%83%E8%8A%BD%E7%94%98%E8%97%8D.jpg
莧菜蛋花湯,莧菜、雞蛋,薑片、鹽、高湯,110,7,4,https://raw.githubusercontent.com/lihua00120/chat-_bot/main/images/%E8%8E%A7%E8%8F%9C%E8%9B%8B%E8%8A%B1%E6%B9%AF.jpg
清炒莧菜,莧菜,蒜頭、鹽、少許油,90,3,5,https://raw.githubusercontent.com/lihua00120/chat-_bot/main/images/%E6%B8%85%E7%82%92%E8%8E%A7%E8%8F%9C.jpg
蒜蓉莧菜拌豆腐,莧菜、嫩豆腐、豬絞肉,蒜蓉、醬油、香油,150,10,6,https://raw.githubusercontent.com/lihua00120/chat-_bot/main/images/%E8%92%9C%E8%93%89%E8%8E%A7%E8%8F%9C%E6%8B%8C%E8%B1%86%E8%85%90.jpg
莧菜瘦肉粥,白米、莧菜、豬瘦肉,薑絲、鹽,230,14,32,https://raw.githubusercontent.com/lihua00120/chat-_bot/main/images/%E6%B8%85%E7%82%92%E8%8E%A7%E8%8F%9C.jpg
莧菜皮蛋湯,莧菜、皮蛋,薑片、鹽、高湯,140,8,6,https://raw.githubusercontent.com/lihua00120/chat-_bot/main/images/%E8%8E%A7%E8%8F%9C%E7%9A%AE%E8%9B%8B%E6%B9%AF.jpg
清炒蠶豆,萊豆,蒜頭、鹽、少許油,150,7,18,https://raw.githubusercontent.com/lihua00120/chat-_bot/main/images/%E6%B8%85%E7%82%92%E8%A0%B6%E8%B1%86.jpg
鹽焗蠶豆,萊豆,鹽、水,160,10,20,https://raw.githubusercontent.com/lihua00120/chat-_bot/main/images/%E9%B9%BD%E7%84%97%E8%A0%B6%E8%B1%86.jpg
蠶豆燒肉,萊豆、豬肉片,蒜頭、醬油、糖、米酒,280,18,15,https://raw.githubusercontent.com/lihua00120/chat-_bot/main/images/%E8%A0%B6%E8%B1%86%E7%87%92%E8%82%89.jpg
蠶豆濃湯,蠶豆,洋蔥、蒜頭、奶油、牛奶、高湯、鹽、黑胡椒,270,12,24,https://raw.githubusercontent.com/lihua00120/chat-_bot/main/images/%E8%A0%B6%E8%B1%86%E6%BF%83%E6%B9%AF.jpg
蠶豆煎餅,萊豆、麵粉,雞蛋、鹽、胡椒、少許油,240,9,30,https://raw.githubusercontent.com/lihua00120/chat-_bot/main/images/%E8%A0%B6%E8%B1%86%E7%85%8E%E9%A4%85.jpg
清炒豌豆,碗豆,蒜頭、鹽、少許油,130,5,14,https://raw.githubusercontent.com/lihua00120/chat-_bot/main/images/%E6%B8%85%E7%82%92%E8%B1%8C%E8%B1%86.jpg
豌豆燴蛋,碗豆、雞蛋,鹽、白胡椒、少許油,200,12,10,https://raw.githubusercontent.com/lihua00120/chat-_bot/main/images/%E8%B1%8C%E8%B1%86%E7%87%B4%E8%9B%8B.jpg
豌豆雞肉湯,碗豆、雞肉,薑片、鹽、高湯,180,15,9,https://raw.githubusercontent.com/lihua00120/chat-_bot/main/images/%E8%B1%8C%E8%B1%86%E9%9B%9E%E8%82%89%E6%B9%AF.jpg
奶油炒豌豆仁,奶油、碗豆,紅蘿蔔、鹽、黑胡椒,160,4,12,https://raw.githubusercontent.com/lihua00120/chat-_bot/main/images/%E5%A5%B6%E6%B2%B9%E7%82%92%E8%B1%8C%E8%B1%86%E4%BB%81.jpg
豌豆火腿炒飯,碗豆、白飯、火腿丁,紅蘿蔔、雞蛋、鹽、胡椒、少許油,420,14,58,https://raw.githubusercontent.com/lihua00120/chat-_bot/main/images/%E8%B1%8C%E8%B1%86%E7%81%AB%E8%85%BF%E7%82%92%E9%A3%AF.jpg
香茅雞肉棒,香茅、雞絞肉,蒜末、魚露、糖、白胡椒、太白粉、少許油,260,28,10,https://raw.githubusercontent.com/lihua00120/chat-_bot/main/images/%E9%A6%99%E8%8C%85%E9%9B%9E%E8%82%89%E6%A3%92.jpg
香茅檸檬魚,香茅、白肉魚片,檸檬汁、蒜末、辣椒、魚露、糖、少許油,240,26,12,https://raw.githubusercontent.com/lihua00120/chat-_bot/main/images/%E9%A6%99%E8%8C%85%E6%AA%B8%E6%AA%AC%E9%AD%9A.jpg
香茅蔥燒雞,香茅、雞腿肉,青蔥、蒜頭、醬油、米酒、糖、少許油,340,28,10,https://raw.githubusercontent.com/lihua00120/chat-_bot/main/images/%E9%A6%99%E8%8C%85%E8%94%A5%E7%87%92%E9%9B%9E.jpg
南洋香茅雞肉炊飯,香茅、雞腿肉、白米,椰奶、蒜頭、薑片、魚露、鹽、少許油,520,26,68,https://raw.githubusercontent.com/lihua00120/chat-_bot/main/images/%E5%8D%97%E6%B4%8B%E9%A6%99%E8%8C%85%E9%9B%9E%E8%82%89%E7%82%8A%E9%A3%AF.jpg
香茅雞翅,香茅、雞翅,蒜頭、醬油、米酒、糖、黑胡椒、少許油,360,28,12,https://raw.githubusercontent.com/lihua00120/chat-_bot/main/images/%E9%A6%99%E8%8C%85%E9%9B%9E%E7%BF%85.jpg
牛蒡炒肉絲,牛蒡、豬肉絲,蒜頭、醬油、糖、少許油,250,18,14,https://raw.githubusercontent.com/lihua00120/chat-_bot/main/images/%E7%89%9B%E8%92%A1%E7%82%92%E8%82%89%E7%B5%B2.jpg
牛蒡雞湯,牛蒡、雞肉,薑片、鹽、高湯,180,16,8,https://raw.githubusercontent.com/lihua00120/chat-_bot/main/images/%E7%89%9B%E8%92%A1%E9%9B%9E%E6%B9%AF.jpg
涼拌牛蒡絲,牛蒡,白芝麻、醋、糖、鹽,110,3,20,https://raw.githubusercontent.com/lihua00120/chat-_bot/main/images/%E6%B6%BC%E6%8B%8C%E7%89%9B%E8%92%A1%E7%B5%B2.jpg
牛蒡炊飯,牛蒡、白米、紅蘿蔔、香菇,醬油、昆布高湯,360,8,65,https://raw.githubusercontent.com/lihua00120/chat-_bot/main/images/%E7%89%9B%E8%92%A1%E7%82%8A%E9%A3%AF.jpg
牛蒡天婦羅,牛蒡,麵糊、鹽、少許油,240,4,28,https://raw.githubusercontent.com/lihua00120/chat-_bot/main/images/%E7%89%9B%E8%92%A1%E5%A4%A9%E5%A9%A6%E7%BE%85.jpg
滷花生,落花生,醬油、糖、八角、鹽,180,8,15,https://raw.githubusercontent.com/lihua00120/chat-_bot/main/images/%E6%BB%B7%E8%8A%B1%E7%94%9F.jpg
鹽水花生,落花生,水、鹽,160,7,10,https://raw.githubusercontent.com/lihua00120/chat-_bot/main/images/%E9%B9%BD%E6%B0%B4%E8%8A%B1%E7%94%9F.jpg
花生雞湯,落花生、雞肉,薑片、枸杞、米酒、鹽,250,20,12,https://raw.githubusercontent.com/lihua00120/chat-_bot/main/images/%E8%8A%B1%E7%94%9F%E9%9B%9E%E6%B9%AF.jpg
花生燉豬腳,落花生、豬腳,薑片、醬油、冰糖、米酒,420,25,18,https://raw.githubusercontent.com/lihua00120/chat-_bot/main/images/%E8%8A%B1%E7%94%9F%E7%87%89%E8%B1%AC%E8%85%B3.jpg
涼拌花生小黃瓜,落花生、小黃瓜,紅蘿蔔、蒜蓉、醋、醬油、香油,140,5,10,https://raw.githubusercontent.com/lihua00120/chat-_bot/main/images/%E6%B6%BC%E6%8B%8C%E8%8A%B1%E7%94%9F%E5%B0%8F%E9%BB%83%E7%93%9C.jpg
清炒越瓜,越瓜,蒜頭、鹽、少許油,90,2,7,https://raw.githubusercontent.com/lihua00120/chat-_bot/main/images/%E6%B8%85%E7%82%92%E8%B6%8A%E7%93%9C.jpg
古早味越瓜肉末,越瓜、豬絞肉,蒜頭、醬油、糖、米酒、白胡椒,260,18,12,https://raw.githubusercontent.com/lihua00120/chat-_bot/main/images/%E5%8F%A4%E6%97%A9%E5%91%B3%E8%B6%8A%E7%93%9C%E8%82%89%E6%9C%AB.jpg
辣炒脆越瓜,越瓜,蒜頭、辣椒、醬油、鹽、少許油,120,2,8,https://raw.githubusercontent.com/lihua00120/chat-_bot/main/images/%E8%BE%A3%E7%82%92%E8%84%86%E8%B6%8A%E7%93%9C.png
醃越瓜炒肉片,越瓜、豬肉片,醃越瓜、蒜頭、辣椒、醬油、少許油,260,20,9,https://raw.githubusercontent.com/lihua00120/chat-_bot/main/images/%E9%86%83%E8%B6%8A%E7%93%9C%E7%82%92%E8%82%89%E7%89%87.jpg
糖炒越瓜,越瓜,蒜頭、辣椒、砂糖、白醋、少許油,180,2,10,https://raw.githubusercontent.com/lihua00120/chat-_bot/main/images/%E7%B3%96%E7%82%92%E8%B6%8A%E7%93%9C.jpg
韭菜炒蛋,韭菜、雞蛋,鹽、胡椒、少許油,210,12,7,https://raw.githubusercontent.com/lihua00120/chat-_bot/main/images/%E9%9F%AD%E8%8F%9C%E7%82%92%E8%9B%8B.jpg
韭菜餃子餡,韭菜、豬絞肉,薑末、醬油、麻油,280,18,20,https://raw.githubusercontent.com/lihua00120/chat-_bot/main/images/%E9%9F%AD%E8%8F%9C%E9%A4%83%E5%AD%90.jpg
韭菜花炒蝦仁,韭菜、蝦仁,蒜頭、鹽、米酒,200,20,6,https://raw.githubusercontent.com/lihua00120/chat-_bot/main/images/%E9%9F%AD%E8%8F%9C%E8%8A%B1%E7%82%92%E8%9D%A6%E4%BB%81.jpg
韭菜炒豆干,韭菜、豆干,蒜頭、醬油、辣椒,160,12,10,https://raw.githubusercontent.com/lihua00120/chat-_bot/main/images/%E9%9F%AD%E8%8F%9C%E7%82%92%E8%B1%86%E4%B9%BE.jpg
韭菜魚丸湯,韭菜、魚丸,薑片、鹽、白胡椒、水,140,10,8,https://raw.githubusercontent.com/lihua00120/chat-_bot/main/images/%E9%9F%AD%E8%8F%9C%E9%AD%9A%E4%B8%B8%E6%B9%AF.jpg
清炒秀珍菇,秀珍菇,蒜頭、鹽、少許油,120,4,10,https://raw.githubusercontent.com/lihua00120/chat-_bot/main/images/%E6%B8%85%E7%82%92%E7%A7%80%E7%8F%8D%E8%8F%87.jpg
麻油秀珍菇松阪豬,秀珍菇、松阪豬,麻油、薑片、蒜頭、米酒、醬油,380,26,6,https://raw.githubusercontent.com/lihua00120/chat-_bot/main/images/%E9%BA%BB%E6%B2%B9%E7%A7%80%E7%8F%8D%E8%8F%87%E6%9D%BE%E9%98%AA%E8%B1%AC.jpg
黑胡椒秀珍菇炒雞丁,秀珍菇、雞胸肉丁,黑胡椒、蒜頭、醬油,260,24,10,https://raw.githubusercontent.com/lihua00120/chat-_bot/main/images/%E9%BB%91%E8%83%A1%E6%A4%92%E7%A7%80%E7%8F%8D%E8%8F%87%E7%82%92%E9%9B%9E%E4%B8%81.jpg
香煎秀珍菇,秀珍菇,奶油、黑胡椒、鹽,160,5,8,https://raw.githubusercontent.com/lihua00120/chat-_bot/main/images/%E9%A6%99%E7%85%8E%E7%A7%80%E7%8F%8D%E8%8F%87.jpg
秀珍菇燉豆腐,秀珍菇、板豆腐,薑片、醬油、蔥花,180,12,9,https://raw.githubusercontent.com/lihua00120/chat-_bot/main/images/%E7%A7%80%E7%8F%8D%E8%8F%87%E7%87%89%E8%B1%86%E8%85%90.jpg
清炒萵筍丁,萵苣莖,蒜頭、鹽、少許油,120,3,10,https://raw.githubusercontent.com/lihua00120/chat-_bot/refs/heads/main/images/%E6%B8%85%E7%82%92%E8%90%B5%E7%AD%8D%E4%B8%81.jpg
涼拌萵筍絲,萵苣莖,白醋、糖、蒜蓉、白芝麻,90,2,12,https://raw.githubusercontent.com/lihua00120/chat-_bot/main/images/%E6%B6%BC%E6%8B%8C%E8%90%B5%E7%AD%8D%E7%B5%B2.jpg
萵筍炒肉絲,萵苣莖、豬肉絲,醬油、蒜頭、米酒,240,18,9,https://raw.githubusercontent.com/lihua00120/chat-_bot/main/images/%E8%90%B5%E7%AD%8D%E7%82%92%E8%82%89%E7%B5%B2.jpg
萵筍雞肉湯,萵苣莖、雞肉,薑片、鹽、高湯,180,16,6,https://raw.githubusercontent.com/lihua00120/chat-_bot/main/images/%E8%90%B5%E7%AD%8D%E9%9B%9E%E8%82%89%E6%B9%AF.jpg
辣炒萵筍雞丁,萵苣莖、雞肉,辣椒、蒜頭、醬油、少許油,140,3,11,https://raw.githubusercontent.com/lihua00120/chat-_bot/main/images/%E8%BE%A3%E7%82%92%E8%90%B5%E7%AD%8D%E9%9B%9E%E4%B8%81.jpg
鹽酥蠔菇,蠔菇,太白粉、蒜酥、胡椒粉、鹽、少許油,260,6,20,https://raw.githubusercontent.com/lihua00120/chat-_bot/main/images/%E9%B9%BD%E9%85%A5%E8%A0%94%E8%8F%87.jpg
三杯蠔菇,蠔菇、九層塔,麻油、醬油、糖、薑片、蒜頭,210,5,18,https://raw.githubusercontent.com/lihua00120/chat-_bot/main/images/%E4%B8%89%E6%9D%AF%E8%A0%94%E8%8F%87.jpg
蠔菇炒山蘇,蠔菇、山蘇,蒜頭、鹽、米酒,180,5,10,https://raw.githubusercontent.com/lihua00120/chat-_bot/main/images/%E8%A0%94%E8%8F%87%E7%82%92%E5%B1%B1%E8%98%87.jpg
紅燒蠔菇,蠔菇、香菇,醬油、冰糖、薑片,190,5,22,https://raw.githubusercontent.com/lihua00120/chat-_bot/main/images/%E7%B4%85%E7%87%92%E8%A0%94%E8%8F%87.jpg
蠔菇粥,蠔菇、白米,薑絲、鹽、香油,230,6,35,https://raw.githubusercontent.com/lihua00120/chat-_bot/main/images/%E8%A0%94%E8%8F%87%E7%B2%A5.jpg
蒜拌金針菇,金絲菇,蒜蓉、醬油、香油、白芝麻,80,3,10,https://raw.githubusercontent.com/lihua00120/chat-_bot/main/images/%E8%92%9C%E6%8B%8C%E9%87%91%E9%87%9D%E8%8F%87.jpg
金針菇牛肉卷,金絲菇、牛肉片,醬油、米酒、黑胡椒,230,20,8,https://raw.githubusercontent.com/lihua00120/chat-_bot/refs/heads/main/images/%E6%B8%85%E7%82%92%E8%90%B5%E7%AD%8D%E4%B8%81.jpg
金針菇番茄蛋花湯,金絲菇、番茄,雞蛋、高湯、鹽、白胡椒,120,9,8,https://raw.githubusercontent.com/lihua00120/chat-_bot/main/images/%E9%87%91%E9%87%9D%E8%8F%87%E7%95%AA%E8%8C%84%E8%9B%8B%E8%8A%B1%E6%B9%AF.jpg
涼拌金針菇小黃瓜,金絲菇、小黃瓜,醋、蒜蓉、糖、辣椒,90,2,12,https://raw.githubusercontent.com/lihua00120/chat-_bot/main/images/%E6%B6%BC%E6%8B%8C%E9%87%91%E9%87%9D%E8%8F%87%E5%B0%8F%E9%BB%83%E7%93%9C.jpg
金針菇炒蝦仁,金絲菇、蝦仁,蒜頭、米酒、鹽、少許油,180,17,7,https://raw.githubusercontent.com/lihua00120/chat-_bot/main/images/%E9%87%91%E9%87%9D%E8%8F%87%E7%82%92%E8%9D%A6%E4%BB%81.jpg
洛神花蜜餞,洛神花,糖、鹽、檸檬汁,120,1,30,https://raw.githubusercontent.com/lihua00120/chat-_bot/main/images/%E6%B4%9B%E7%A5%9E%E8%8A%B1%E8%9C%9C%E9%A4%9E.jpg
洛神花茶,洛神花,熱水、蜂蜜,40,0,10,https://raw.githubusercontent.com/lihua00120/chat-_bot/main/images/%E6%B4%9B%E7%A5%9E%E8%8A%B1%E8%8C%B6.jpg
洛神花奶凍,洛神花,牛奶、鮮奶油、糖、吉利丁片、水,220,5,28,https://raw.githubusercontent.com/lihua00120/chat-_bot/main/images/%E6%B4%9B%E7%A5%9E%E8%8A%B1%E5%A5%B6%E5%87%8D.jpg
洛神花漬嫩薑,洛神花、嫩薑,糖、白醋、鹽、水,90,1,20,https://raw.githubusercontent.com/lihua00120/chat-_bot/main/images/%E6%B4%9B%E7%A5%9E%E8%8A%B1%E6%BC%AC%E5%AB%A9%E8%96%91.jpg
洛神花燉排骨,洛神花、排骨,薑片、鹽、冰糖,260,20,10,https://raw.githubusercontent.com/lihua00120/chat-_bot/main/images/%E6%B4%9B%E7%A5%9E%E8%8A%B1%E7%87%89%E6%8E%92%E9%AA%A8.jpg
鹽水毛豆,毛豆,鹽、蒜頭、八角,180,12,12,https://raw.githubusercontent.com/lihua00120/chat-_bot/main/images/%E9%B9%BD%E6%B0%B4%E6%AF%9B%E8%B1%86.jpg
蒜香辣炒毛豆,毛豆,蒜頭、辣椒、醬油、少許油,200,13,14,https://raw.githubusercontent.com/lihua00120/chat-_bot/main/images/%E8%92%9C%E9%A6%99%E8%BE%A3%E7%82%92%E6%AF%9B%E8%B1%86.jpg
毛豆炒飯,毛豆、白飯,雞蛋、蔥、紅蘿蔔、醬油,420,14,55,https://raw.githubusercontent.com/lihua00120/chat-_bot/main/images/%E6%AF%9B%E8%B1%86%E7%82%92%E9%A3%AF.jpg
毛豆濃湯,毛豆,洋蔥、蒜頭、奶油、牛奶、高湯、鹽、黑胡椒,260,14,20,https://raw.githubusercontent.com/lihua00120/chat-_bot/main/images/%E6%AF%9B%E8%B1%86%E6%BF%83%E6%B9%AF.jpg
毛豆燉豆腐,毛豆、板豆腐,蒜頭、醬油、薑片,200,16,12,https://raw.githubusercontent.com/lihua00120/chat-_bot/main/images/%E6%AF%9B%E8%B1%86%E7%87%89%E8%B1%86%E8%85%90.jpg
紅鳳菜炒肉絲,紅鳳菜、豬肉絲,蒜頭、醬油、米酒、鹽、少許油,220,18,8,https://raw.githubusercontent.com/lihua00120/chat-_bot/main/images/%E7%B4%85%E9%B3%B3%E8%8F%9C%E7%82%92%E8%82%89%E7%B5%B2.jpg
麻油紅鳳菜,紅鳳菜,麻油、薑片、蒜頭、鹽,140,3,6,https://raw.githubusercontent.com/lihua00120/chat-_bot/main/images/%E9%BA%BB%E6%B2%B9%E7%B4%85%E9%B3%B3%E8%8F%9C.jpg
紅鳳菜炒蛋,紅鳳菜、雞蛋,蒜頭、鹽、少許油,210,12,8,https://raw.githubusercontent.com/lihua00120/chat-_bot/main/images/%E7%B4%85%E9%B3%B3%E8%8F%9C%E7%82%92%E8%9B%8B.jpg
紅鳳菜煎餅,紅鳳菜、麵粉、雞蛋,蒜末、鹽、胡椒、少許油,260,9,32,https://raw.githubusercontent.com/lihua00120/chat-_bot/main/images/%E7%B4%85%E9%B3%B3%E8%8F%9C%E7%85%8E%E9%A4%85.jpg
嫩雞紅鳳菜,紅鳳菜、雞胸肉,蒜頭、薑片、醬油、米酒、鹽、少許油,240,26,7,https://raw.githubusercontent.com/lihua00120/chat-_bot/main/images/%E5%AB%A9%E9%9B%9E%E7%B4%85%E9%B3%B3%E8%8F%9C.jpg
清炒晚玉筍,晚香玉筍,蒜頭、鹽、少許油,110,3,8,https://raw.githubusercontent.com/lihua00120/chat-_bot/main/images/%E6%B8%85%E7%82%92%E6%99%9A%E9%A6%99%E7%8E%89%E7%AD%8D.jpg
晚香玉筍炒肉絲,晚香玉筍、豬肉絲,蒜頭、醬油、少許油,230,18,10,https://raw.githubusercontent.com/lihua00120/chat-_bot/main/images/%E6%99%9A%E9%A6%99%E7%8E%89%E7%AD%8D%E7%82%92%E8%82%89%E7%B5%B2.jpg
香菇晚香玉筍,晚香玉筍、香菇,蒜頭、鹽、水,110,5,9,https://raw.githubusercontent.com/lihua00120/chat-_bot/refs/heads/main/images/%E9%A6%99%E8%8F%87%E6%99%9A%E9%A6%99%E7%8E%89%E7%AD%8D.jpg
涼拌晚香玉筍,晚香玉筍,蒜蓉、醋、醬油、香油,90,2,7,https://raw.githubusercontent.com/lihua00120/chat-_bot/main/images/%E6%B6%BC%E6%8B%8C%E6%99%9A%E9%A6%99%E7%8E%89%E7%AD%8D.jpg
晚香玉筍炒蝦仁,晚香玉筍、蝦仁,蒜頭、米酒、鹽,190,18,6,https://raw.githubusercontent.com/lihua00120/chat-_bot/main/images/%E6%99%9A%E9%A6%99%E7%8E%89%E7%AD%8D%E7%82%92%E8%9D%A6%E4%BB%81.jpg
蒜蓉炒茼蒿,茼蒿,蒜頭、鹽、少許油,90,3,6,https://raw.githubusercontent.com/lihua00120/chat-_bot/main/images/%E8%92%9C%E8%93%89%E7%82%92%E8%8C%BC%E8%92%BF.jpg
茼蒿蛋花湯,雞蛋、茼蒿,鹽、高湯,120,7,5,https://raw.githubusercontent.com/lihua00120/chat-_bot/main/images/%E8%8C%BC%E8%92%BF%E8%9B%8B%E8%8A%B1%E6%B9%AF.jpg
涼拌茼蒿,茼蒿,蒜蓉、醋、醬油、香油,80,2,6,https://raw.githubusercontent.com/lihua00120/chat-_bot/main/images/%E6%B6%BC%E6%8B%8C%E8%8C%BC%E8%92%BF.jpg
茼蒿炒牛肉片,茼蒿、牛肉片,蒜頭、醬油、米酒,280,24,9,https://raw.githubusercontent.com/lihua00120/chat-_bot/main/images/%E8%8C%BC%E8%92%BF%E7%82%92%E7%89%9B%E8%82%89%E7%89%87.jpg
茼蒿雞肉鍋,茼蒿、雞肉,薑片、火鍋料、鹽、火鍋湯底,260,20,10,https://raw.githubusercontent.com/lihua00120/chat-_bot/main/images/%E8%8C%BC%E8%92%BF%E9%9B%9E%E8%82%89%E9%8D%8B.jpg
涼拌木耳,濕木耳,蒜蓉、醋、醬油、香油,80,2,6,https://raw.githubusercontent.com/lihua00120/chat-_bot/main/images/%E6%B6%BC%E6%8B%8C%E6%9C%A8%E8%80%B3.jpg
木耳炒蛋,濕木耳、雞蛋,紅蘿蔔、蒜頭、鹽、少許油,200,12,8,https://raw.githubusercontent.com/lihua00120/chat-_bot/main/images/%E6%9C%A8%E8%80%B3%E7%82%92%E8%9B%8B.jpg
木耳燉雞湯,濕木耳、雞肉,薑片、鹽、高湯,260,20,10,https://raw.githubusercontent.com/lihua00120/chat-_bot/main/images/%E6%9C%A8%E8%80%B3%E7%87%89%E9%9B%9E%E6%B9%AF.jpg
木耳炒豬肉片,濕木耳、豬肉片,蒜頭、醬油、米酒,280,22,10,https://raw.githubusercontent.com/lihua00120/chat-_bot/main/images/%E6%9C%A8%E8%80%B3%E7%82%92%E8%B1%AC%E8%82%89%E7%89%87.jpg
木耳小黃瓜涼拌,濕木耳、小黃瓜,蒜蓉、醋、糖、醬油,90,2,8,https://raw.githubusercontent.com/lihua00120/chat-_bot/main/images/%E6%9C%A8%E8%80%B3%E5%B0%8F%E9%BB%83%E7%93%9C%E6%B6%BC%E6%8B%8C.jpg
香菇燉雞,濕香菇、雞肉,薑片、米酒、鹽,280,22,10,https://raw.githubusercontent.com/lihua00120/chat-_bot/main/images/%E9%A6%99%E8%8F%87%E7%87%89%E9%9B%9E.jpg
香菇炒青菜,濕香菇、青菜,蒜頭、鹽、少許油,110,3,7,https://raw.githubusercontent.com/lihua00120/chat-_bot/main/images/%E9%A6%99%E8%8F%87%E7%82%92%E9%9D%92%E8%8F%9C.jpg
紅燒香菇,濕香菇,醬油、冰糖、薑片,160,4,20,https://raw.githubusercontent.com/lihua00120/chat-_bot/main/images/%E7%B4%85%E7%87%92%E9%A6%99%E8%8F%87.jpg
香菇豆腐煲,濕香菇、板豆腐,蒜頭、醬油、少許油,210,14,12,https://raw.githubusercontent.com/lihua00120/chat-_bot/main/images/%E9%A6%99%E8%8F%87%E8%B1%86%E8%85%90%E7%85%B2.jpg
香菇雞湯,濕香菇、雞肉,高湯、薑片、鹽,250,20,8,https://raw.githubusercontent.com/lihua00120/chat-_bot/main/images/%E9%A6%99%E8%8F%87%E9%9B%9E%E6%B9%AF.jpg
涼拌蕨菜,蕨菜,蒜蓉、醋、醬油、香油,70,2,8,https://raw.githubusercontent.com/lihua00120/chat-_bot/main/images/%E6%B6%BC%E6%8B%8C%E8%95%A8%E8%8F%9C.jpg
蕨菜炒蛋,蕨菜、雞蛋,蒜頭、鹽、少許油,190,12,6,https://raw.githubusercontent.com/lihua00120/chat-_bot/main/images/%E8%95%A8%E8%8F%9C%E7%82%92%E8%9B%8B.jpg
蕨菜炒肉絲,蕨菜、豬肉絲,蒜頭、醬油、米酒,240,18,10,https://raw.githubusercontent.com/lihua00120/chat-_bot/main/images/%E8%95%A8%E8%8F%9C%E7%82%92%E8%82%89%E7%B5%B2.jpg
蕨菜味噌湯,蕨菜,味噌、紅蘿蔔、木耳、昆布高湯、豆腐,140,9,10,https://raw.githubusercontent.com/lihua00120/chat-_bot/main/images/%E8%95%A8%E8%8F%9C%E5%91%B3%E5%99%8C%E6%B9%AF.jpg
胡麻蕨菜,蕨菜,芝麻醬、醬油、糖、蒜蓉,120,4,10,https://raw.githubusercontent.com/lihua00120/chat-_bot/main/images/%E8%83%A1%E9%BA%BB%E8%95%A8%E8%8F%9C.jpg
蒜蓉炒青江菜,青江白菜,蒜頭、鹽、少許油,90,3,6,https://raw.githubusercontent.com/lihua00120/chat-_bot/main/images/%E8%92%9C%E8%93%89%E7%82%92%E9%9D%92%E6%B1%9F%E8%8F%9C.jpg
青江菜豆腐湯,青江白菜、嫩豆腐,薑片、高湯、鹽,130,10,5,https://raw.githubusercontent.com/lihua00120/chat-_bot/main/images/%E9%9D%92%E6%B1%9F%E8%8F%9C%E8%B1%86%E8%85%90%E6%B9%AF.jpg
蠔菇青江菜,青江白菜、香菇,蠔油、蒜頭、少許油,120,3,10,https://raw.githubusercontent.com/lihua00120/chat-_bot/main/images/%E8%A0%94%E8%8F%87%E9%9D%92%E6%B1%9F%E8%8F%9C.jpg
青江菜炒雞絲,青江白菜、雞胸肉絲,蒜頭、醬油、胡椒,210,22,8,https://raw.githubusercontent.com/lihua00120/chat-_bot/main/images/%E9%9D%92%E6%B1%9F%E8%8F%9C%E7%82%92%E9%9B%9E%E7%B5%B2.jpg
胡麻青江菜,青江白菜,芝麻醬、醬油、糖、蒜蓉,150,4,12,https://raw.githubusercontent.com/lihua00120/chat-_bot/main/images/%E8%83%A1%E9%BA%BB%E9%9D%92%E6%B1%9F%E8%8F%9C.jpg
